Run ID,Scenario name,Model name,Variable name,unit,Flag Category,year,value
1055,SSP2021-SSP1-SPA1-19-Default,IMAGE 3.2,Primary Energy|Wind,EJ/yr,[object Object],2010,0.008532000173814
1055,SSP2021-SSP1-SPA1-19-Default,IMAGE 3.2,Primary Energy|Wind,EJ/yr,[object Object],2015,0.027032400175929
1055,SSP2021-SSP1-SPA1-19-Default,IMAGE 3.2,Primary Energy|Wind,EJ/yr,[object Object],2020,0.052368974775075
1055,SSP2021-SSP1-SPA1-19-Default,IMAGE 3.2,Primary Energy|Wind,EJ/yr,[object Object],2025,0.268097084522247
1055,SSP2021-SSP1-SPA1-19-Default,IMAGE 3.2,Primary Energy|Wind,EJ/yr,[object Object],2030,0.958062297821044
1055,SSP2021-SSP1-SPA1-19-Default,IMAGE 3.2,Primary Energy|Wind,EJ/yr,[object Object],2035,1.926957336425781
1055,SSP2021-SSP1-SPA1-19-Default,IMAGE 3.2,Primary Energy|Wind,EJ/yr,[object Object],2040,2.551485061645508
1055,SSP2021-SSP1-SPA1-19-Default,IMAGE 3.2,Primary Energy|Wind,EJ/yr,[object Object],2045,3.454673614501953
1055,SSP2021-SSP1-SPA1-19-Default,IMAGE 3.2,Primary Energy|Wind,EJ/yr,[object Object],2050,4.878227172851562
1055,SSP2021-SSP1-SPA1-19-Default,IMAGE 3.2,Primary Energy|Wind,EJ/yr,[object Object],2055,5.833895080566407
1055,SSP2021-SSP1-SPA1-19-Default,IMAGE 3.2,Primary Energy|Wind,EJ/yr,[object Object],2060,6.656533050537109
1055,SSP2021-SSP1-SPA1-19-Default,IMAGE 3.2,Primary Energy|Wind,EJ/yr,[object Object],2065,7.940804229736328
1055,SSP2021-SSP1-SPA1-19-Default,IMAGE 3.2,Primary Energy|Wind,EJ/yr,[object Object],2070,8.796463134765625
1055,SSP2021-SSP1-SPA1-19-Default,IMAGE 3.2,Primary Energy|Wind,EJ/yr,[object Object],2075,8.667663360595704
1055,SSP2021-SSP1-SPA1-19-Default,IMAGE 3.2,Primary Energy|Wind,EJ/yr,[object Object],2080,8.108361236572266
1055,SSP2021-SSP1-SPA1-19-Default,IMAGE 3.2,Primary Energy|Wind,EJ/yr,[object Object],2085,7.171632797241212
1055,SSP2021-SSP1-SPA1-19-Default,IMAGE 3.2,Primary Energy|Wind,EJ/yr,[object Object],2090,5.766201583862305
1055,SSP2021-SSP1-SPA1-19-Default,IMAGE 3.2,Primary Energy|Wind,EJ/yr,[object Object],2095,8.527678810119628
1055,SSP2021-SSP1-SPA1-19-Default,IMAGE 3.2,Primary Energy|Wind,EJ/yr,[object Object],2100,9.511928665161133
1062,SSP2021-SSP1-SPA1-26-Default,IMAGE 3.2,Primary Energy|Wind,EJ/yr,[object Object],2010,0.008532000173814
1062,SSP2021-SSP1-SPA1-26-Default,IMAGE 3.2,Primary Energy|Wind,EJ/yr,[object Object],2015,0.027032400175929
1062,SSP2021-SSP1-SPA1-26-Default,IMAGE 3.2,Primary Energy|Wind,EJ/yr,[object Object],2020,0.052368974775075
1062,SSP2021-SSP1-SPA1-26-Default,IMAGE 3.2,Primary Energy|Wind,EJ/yr,[object Object],2025,0.252287867069244
1062,SSP2021-SSP1-SPA1-26-Default,IMAGE 3.2,Primary Energy|Wind,EJ/yr,[object Object],2030,0.8696434535980221
1062,SSP2021-SSP1-SPA1-26-Default,IMAGE 3.2,Primary Energy|Wind,EJ/yr,[object Object],2035,1.624896286010742
1062,SSP2021-SSP1-SPA1-26-Default,IMAGE 3.2,Primary Energy|Wind,EJ/yr,[object Object],2040,2.599291381835937
1062,SSP2021-SSP1-SPA1-26-Default,IMAGE 3.2,Primary Energy|Wind,EJ/yr,[object Object],2045,3.729652038574219
1062,SSP2021-SSP1-SPA1-26-Default,IMAGE 3.2,Primary Energy|Wind,EJ/yr,[object Object],2050,5.345574584960937
1062,SSP2021-SSP1-SPA1-26-Default,IMAGE 3.2,Primary Energy|Wind,EJ/yr,[object Object],2055,7.037874633789063
1062,SSP2021-SSP1-SPA1-26-Default,IMAGE 3.2,Primary Energy|Wind,EJ/yr,[object Object],2060,8.229703918457032
1062,SSP2021-SSP1-SPA1-26-Default,IMAGE 3.2,Primary Energy|Wind,EJ/yr,[object Object],2065,9.379508056640624
1062,SSP2021-SSP1-SPA1-26-Default,IMAGE 3.2,Primary Energy|Wind,EJ/yr,[object Object],2070,10.14801846313476
1062,SSP2021-SSP1-SPA1-26-Default,IMAGE 3.2,Primary Energy|Wind,EJ/yr,[object Object],2075,10.25447930908203
1062,SSP2021-SSP1-SPA1-26-Default,IMAGE 3.2,Primary Energy|Wind,EJ/yr,[object Object],2080,9.7249013671875
1062,SSP2021-SSP1-SPA1-26-Default,IMAGE 3.2,Primary Energy|Wind,EJ/yr,[object Object],2085,8.54796728515625
1062,SSP2021-SSP1-SPA1-26-Default,IMAGE 3.2,Primary Energy|Wind,EJ/yr,[object Object],2090,7.441430603027344
1062,SSP2021-SSP1-SPA1-26-Default,IMAGE 3.2,Primary Energy|Wind,EJ/yr,[object Object],2095,6.072973876953124
1062,SSP2021-SSP1-SPA1-26-Default,IMAGE 3.2,Primary Energy|Wind,EJ/yr,[object Object],2100,5.600010681152344
1087,SSP2021-SSP2-SPA2-45-Default,IMAGE 3.2,Primary Energy|Wind,EJ/yr,[object Object],2010,0.008532000173814
1087,SSP2021-SSP2-SPA2-45-Default,IMAGE 3.2,Primary Energy|Wind,EJ/yr,[object Object],2015,0.027032400175929
1087,SSP2021-SSP2-SPA2-45-Default,IMAGE 3.2,Primary Energy|Wind,EJ/yr,[object Object],2020,0.052343514174222
1087,SSP2021-SSP2-SPA2-45-Default,IMAGE 3.2,Primary Energy|Wind,EJ/yr,[object Object],2025,0.204910131692886
1087,SSP2021-SSP2-SPA2-45-Default,IMAGE 3.2,Primary Energy|Wind,EJ/yr,[object Object],2030,0.400410780906677
1087,SSP2021-SSP2-SPA2-45-Default,IMAGE 3.2,Primary Energy|Wind,EJ/yr,[object Object],2035,0.5828887958526611
1087,SSP2021-SSP2-SPA2-45-Default,IMAGE 3.2,Primary Energy|Wind,EJ/yr,[object Object],2040,0.7758935203552241
1087,SSP2021-SSP2-SPA2-45-Default,IMAGE 3.2,Primary Energy|Wind,EJ/yr,[object Object],2045,0.944952743530273
1087,SSP2021-SSP2-SPA2-45-Default,IMAGE 3.2,Primary Energy|Wind,EJ/yr,[object Object],2050,1.321770294189453
1087,SSP2021-SSP2-SPA2-45-Default,IMAGE 3.2,Primary Energy|Wind,EJ/yr,[object Object],2055,1.825625503540039
1087,SSP2021-SSP2-SPA2-45-Default,IMAGE 3.2,Primary Energy|Wind,EJ/yr,[object Object],2060,2.59584619140625
1087,SSP2021-SSP2-SPA2-45-Default,IMAGE 3.2,Primary Energy|Wind,EJ/yr,[object Object],2065,3.629618530273437
1087,SSP2021-SSP2-SPA2-45-Default,IMAGE 3.2,Primary Energy|Wind,EJ/yr,[object Object],2070,4.832063598632812
1087,SSP2021-SSP2-SPA2-45-Default,IMAGE 3.2,Primary Energy|Wind,EJ/yr,[object Object],2075,6.18511798095703
1087,SSP2021-SSP2-SPA2-45-Default,IMAGE 3.2,Primary Energy|Wind,EJ/yr,[object Object],2080,7.847268981933595
1087,SSP2021-SSP2-SPA2-45-Default,IMAGE 3.2,Primary Energy|Wind,EJ/yr,[object Object],2085,9.626155822753905
1087,SSP2021-SSP2-SPA2-45-Default,IMAGE 3.2,Primary Energy|Wind,EJ/yr,[object Object],2090,11.63147595214844
1087,SSP2021-SSP2-SPA2-45-Default,IMAGE 3.2,Primary Energy|Wind,EJ/yr,[object Object],2095,13.55445385742187
1087,SSP2021-SSP2-SPA2-45-Default,IMAGE 3.2,Primary Energy|Wind,EJ/yr,[object Object],2100,15.59241973876953
1091,SSP2021-SSP3-Baseline,IMAGE 3.2,Primary Energy|Wind,EJ/yr,[object Object],2010,0.008532000173814
1091,SSP2021-SSP3-Baseline,IMAGE 3.2,Primary Energy|Wind,EJ/yr,[object Object],2015,0.027032400175929
1091,SSP2021-SSP3-Baseline,IMAGE 3.2,Primary Energy|Wind,EJ/yr,[object Object],2020,0.052339000552892
1091,SSP2021-SSP3-Baseline,IMAGE 3.2,Primary Energy|Wind,EJ/yr,[object Object],2025,0.193177899360656
1091,SSP2021-SSP3-Baseline,IMAGE 3.2,Primary Energy|Wind,EJ/yr,[object Object],2030,0.286831182956695
1091,SSP2021-SSP3-Baseline,IMAGE 3.2,Primary Energy|Wind,EJ/yr,[object Object],2035,0.286652756690979
1091,SSP2021-SSP3-Baseline,IMAGE 3.2,Primary Energy|Wind,EJ/yr,[object Object],2040,0.255836011886596
1091,SSP2021-SSP3-Baseline,IMAGE 3.2,Primary Energy|Wind,EJ/yr,[object Object],2045,0.195203330993652
1091,SSP2021-SSP3-Baseline,IMAGE 3.2,Primary Energy|Wind,EJ/yr,[object Object],2050,0.20124649810791
1091,SSP2021-SSP3-Baseline,IMAGE 3.2,Primary Energy|Wind,EJ/yr,[object Object],2055,0.229312341690063
1091,SSP2021-SSP3-Baseline,IMAGE 3.2,Primary Energy|Wind,EJ/yr,[object Object],2060,0.298052715301513
1091,SSP2021-SSP3-Baseline,IMAGE 3.2,Primary Energy|Wind,EJ/yr,[object Object],2065,0.405923080444335
1091,SSP2021-SSP3-Baseline,IMAGE 3.2,Primary Energy|Wind,EJ/yr,[object Object],2070,0.566679576873779
1091,SSP2021-SSP3-Baseline,IMAGE 3.2,Primary Energy|Wind,EJ/yr,[object Object],2075,0.7913506431579591
1091,SSP2021-SSP3-Baseline,IMAGE 3.2,Primary Energy|Wind,EJ/yr,[object Object],2080,1.038931049346923
1091,SSP2021-SSP3-Baseline,IMAGE 3.2,Primary Energy|Wind,EJ/yr,[object Object],2085,1.343403945922851
1091,SSP2021-SSP3-Baseline,IMAGE 3.2,Primary Energy|Wind,EJ/yr,[object Object],2090,1.797811363220214
1091,SSP2021-SSP3-Baseline,IMAGE 3.2,Primary Energy|Wind,EJ/yr,[object Object],2095,2.391083087921142
1091,SSP2021-SSP3-Baseline,IMAGE 3.2,Primary Energy|Wind,EJ/yr,[object Object],2100,3.15045539855957
1093,SSP2021-SSP5-Baseline,IMAGE 3.2,Primary Energy|Wind,EJ/yr,[object Object],2010,0.008532000173814
1093,SSP2021-SSP5-Baseline,IMAGE 3.2,Primary Energy|Wind,EJ/yr,[object Object],2015,0.027032400175929
1093,SSP2021-SSP5-Baseline,IMAGE 3.2,Primary Energy|Wind,EJ/yr,[object Object],2020,0.052348592579364
1093,SSP2021-SSP5-Baseline,IMAGE 3.2,Primary Energy|Wind,EJ/yr,[object Object],2025,0.198401124238967
1093,SSP2021-SSP5-Baseline,IMAGE 3.2,Primary Energy|Wind,EJ/yr,[object Object],2030,0.373413702011108
1093,SSP2021-SSP5-Baseline,IMAGE 3.2,Primary Energy|Wind,EJ/yr,[object Object],2035,0.5002059001922601
1093,SSP2021-SSP5-Baseline,IMAGE 3.2,Primary Energy|Wind,EJ/yr,[object Object],2040,0.5869411029815671
1093,SSP2021-SSP5-Baseline,IMAGE 3.2,Primary Energy|Wind,EJ/yr,[object Object],2045,0.555502422332763
1093,SSP2021-SSP5-Baseline,IMAGE 3.2,Primary Energy|Wind,EJ/yr,[object Object],2050,0.774118225097656
1093,SSP2021-SSP5-Baseline,IMAGE 3.2,Primary Energy|Wind,EJ/yr,[object Object],2055,0.989793342590332
1093,SSP2021-SSP5-Baseline,IMAGE 3.2,Primary Energy|Wind,EJ/yr,[object Object],2060,1.281513034820556
1093,SSP2021-SSP5-Baseline,IMAGE 3.2,Primary Energy|Wind,EJ/yr,[object Object],2065,1.706566375732421
1093,SSP2021-SSP5-Baseline,IMAGE 3.2,Primary Energy|Wind,EJ/yr,[object Object],2070,2.526864082336426
1093,SSP2021-SSP5-Baseline,IMAGE 3.2,Primary Energy|Wind,EJ/yr,[object Object],2075,3.8291982421875
1093,SSP2021-SSP5-Baseline,IMAGE 3.2,Primary Energy|Wind,EJ/yr,[object Object],2080,5.211738876342774
1093,SSP2021-SSP5-Baseline,IMAGE 3.2,Primary Energy|Wind,EJ/yr,[object Object],2085,6.6937626953125
1093,SSP2021-SSP5-Baseline,IMAGE 3.2,Primary Energy|Wind,EJ/yr,[object Object],2090,8.40292953491211
1093,SSP2021-SSP5-Baseline,IMAGE 3.2,Primary Energy|Wind,EJ/yr,[object Object],2095,10.881263671875
1093,SSP2021-SSP5-Baseline,IMAGE 3.2,Primary Energy|Wind,EJ/yr,[object Object],2100,13.37686260986328
