"Renewable energy share of electricity capacity and generation (%) by Region/country/area, Indicator and Year"

"Region/country/area","Indicator","Year",Renewable energy share of electricity capacity and generation (%)
"Nigeria","RE share of electricity generation (%)","2000",41.50
"Nigeria","RE share of electricity generation (%)","2001",39.38
"Nigeria","RE share of electricity generation (%)","2002",32.48
"Nigeria","RE share of electricity generation (%)","2003",37.88
"Nigeria","RE share of electricity generation (%)","2004",33.38
"Nigeria","RE share of electricity generation (%)","2005",45.34
"Nigeria","RE share of electricity generation (%)","2006",38.63
"Nigeria","RE share of electricity generation (%)","2007",31.74
"Nigeria","RE share of electricity generation (%)","2008",32.64
"Nigeria","RE share of electricity generation (%)","2009",32.83
"Nigeria","RE share of electricity generation (%)","2010",26.74
"Nigeria","RE share of electricity generation (%)","2011",19.87
"Nigeria","RE share of electricity generation (%)","2012",18.77
"Nigeria","RE share of electricity generation (%)","2013",20.68
"Nigeria","RE share of electricity generation (%)","2014",19.76
"Nigeria","RE share of electricity generation (%)","2015",20.10
"Nigeria","RE share of electricity generation (%)","2016",28.56
"Nigeria","RE share of electricity generation (%)","2017",24.61
"Nigeria","RE share of electricity generation (%)","2018",22.99
"Nigeria","RE share of electricity generation (%)","2019",25.39
"Nigeria","RE share of electricity generation (%)","2020",22.66
"Nigeria","RE share of electricity generation (%)","2021",25.46
"Nigeria","RE share of electricity generation (%)","2022",27.28
"Nigeria","RE share of electricity generation (%)","2023",26.09
"Nigeria","RE share of electricity generation (%)","2024",-
"Nigeria","RE share of electricity generation (%)","2025",-
"Nigeria","RE share of electricity capacity (%)","2000",37.33
"Nigeria","RE share of electricity capacity (%)","2001",37.33
"Nigeria","RE share of electricity capacity (%)","2002",37.33
"Nigeria","RE share of electricity capacity (%)","2003",30.73
"Nigeria","RE share of electricity capacity (%)","2004",30.73
"Nigeria","RE share of electricity capacity (%)","2005",29.85
"Nigeria","RE share of electricity capacity (%)","2006",27.48
"Nigeria","RE share of electricity capacity (%)","2007",25.72
"Nigeria","RE share of electricity capacity (%)","2008",24.20
"Nigeria","RE share of electricity capacity (%)","2009",23.57
"Nigeria","RE share of electricity capacity (%)","2010",24.34
"Nigeria","RE share of electricity capacity (%)","2011",23.29
"Nigeria","RE share of electricity capacity (%)","2012",23.30
"Nigeria","RE share of electricity capacity (%)","2013",21.17
"Nigeria","RE share of electricity capacity (%)","2014",20.06
"Nigeria","RE share of electricity capacity (%)","2015",20.15
"Nigeria","RE share of electricity capacity (%)","2016",17.07
"Nigeria","RE share of electricity capacity (%)","2017",17.07
"Nigeria","RE share of electricity capacity (%)","2018",16.49
"Nigeria","RE share of electricity capacity (%)","2019",16.56
"Nigeria","RE share of electricity capacity (%)","2020",16.66
"Nigeria","RE share of electricity capacity (%)","2021",16.85
"Nigeria","RE share of electricity capacity (%)","2022",17.05
"Nigeria","RE share of electricity capacity (%)","2023",21.45
"Nigeria","RE share of electricity capacity (%)","2024",21.57
"Nigeria","RE share of electricity capacity (%)","2025",21.85
