year,gdp_current_lcu_naira,nominal_gdp_growth_pct,real_gdp_growth_pct,gdp_deflator_growth_pct,cpi_inflation_pct,gdp_current_usd
2005,23121878997000,,6.44,19.86,17.86,175670569969
2006,30375178717000,31.37,6.06,23.86,8.23,238454997161
2007,34675943737000,14.16,6.59,7.10,5.39,278260846800
2008,39954211886000,15.22,6.76,7.92,11.58,339476276258
2009,43461458621000,8.78,8.04,0.69,12.54,295008835381
2010,54612264177000,25.66,8.01,16.34,13.74,366990417129
2011,63134734885000,15.61,5.31,9.78,10.83,414466676831
2012,72351452212000,14.60,4.23,9.95,12.22,463971018239
2013,81009964620000,11.97,6.67,4.96,8.50,520117180314
2014,90136984656000,11.27,6.31,4.66,8.05,574183763412
2015,95177735684000,5.59,2.65,2.86,9.01,493026682801
2016,102575418030000,7.77,-1.62,9.54,15.70,404649125252
2017,114899249900000,12.01,0.81,11.12,16.50,375745731053
2018,129086907450000,12.35,1.92,10.23,12.10,421739251509
2019,205090405578500,58.88,2.21,55.44,11.40,668219992687
2020,213636372139400,4.17,-6.37,11.25,13.25,598586817817
2021,243302645827000,13.89,1.11,12.64,16.95,609147716965
2022,274233711319000,12.71,4.32,8.05,18.85,646950257575
2023,314023587898200,14.51,3.32,10.83,24.66,487387801878
2024,372822825678700,18.72,4.07,14.08,33.24,252261880140
2025,441535409810000,18.43,4.01,13.86,23.01,290794361542
