Entity,Code,Year,Net electricity imports
Nigeria,NGA,2000,-0.02
Nigeria,NGA,2001,-0.03
Nigeria,NGA,2002,-0.03
Nigeria,NGA,2003,-0.04
Nigeria,NGA,2004,-0.02
Nigeria,NGA,2005,0
Nigeria,NGA,2006,0
Nigeria,NGA,2007,0
Nigeria,NGA,2008,0
Nigeria,NGA,2009,0
Nigeria,NGA,2010,0
Nigeria,NGA,2011,0
Nigeria,NGA,2012,0
Nigeria,NGA,2013,0
Nigeria,NGA,2014,0
Nigeria,NGA,2015,0
Nigeria,NGA,2016,-1.94
Nigeria,NGA,2017,-2.46
Nigeria,NGA,2018,-3
Nigeria,NGA,2019,-2.33
Nigeria,NGA,2020,-3.01
Nigeria,NGA,2021,-3.06
Nigeria,NGA,2022,-2.43
Nigeria,NGA,2023,-2.32
Nigeria,NGA,2024,-2.3
Nigeria,NGA,2025,-2.3
