"model","scenario","region","variable","unit","version","1950","1955","1960","1965","1970","1975","1980","1985","1990","1995","2000","2005","2010","2015","2020","2025","2030","2035","2040","2045","2050","2055","2060","2065","2070","2075","2080","2085","2090","2095","2100"
"IIASA-WiC POP 2025","Historical Reference","Nigeria","Population","million",1,36.835614,40.45515200000001,44.475826,49.381059,54.944571,61.971369,71.827862,82.47231,93.96339200000001,106.819805,121.235485,138.60327,158.733204,181.702661,205.7806,232.14437,,,,,,,,,,,,,,,
"IIASA-WiC POP 2025","SSP1","Nigeria","Population","million",1,,,,,,,,,,,,,,,,232.14437,256.757745,281.189423,305.787451,331.339967,356.547666,379.835556,400.6938950000001,419.446183,435.9759540000001,450.302631,462.144321,470.976455,476.722714,479.04832,478.207181
"IIASA-WiC POP 2025","SSP2","Nigeria","Population","million",1,,,,,,,,,,,,,,,,232.14437,261.136993,292.863484,327.152576,363.305193,400.606795,437.811992,474.484357,510.24695,544.647111,577.457180000001,608.131868,635.760621,660.271318,680.714434,696.969856
"IIASA-WiC POP 2025","SSP3","Nigeria","Population","million",1,,,,,,,,,,,,,,,,232.14437,264.627623,302.134184,344.76007,390.417675,439.312086,490.88797,544.998193000001,600.5030699999991,656.634693,712.913233,768.5429449999999,822.1320159999999,873.704556,921.3332630000001,964.442803999999
"IIASA-WiC POP 2025","SSP5","Nigeria","Population","million",1,,,,,,,,,,,,,,,,232.14437,256.739121,281.112715,305.609638,331.015903,356.033590999999,379.091939,399.684712,418.156759,434.401341,448.447447,460.0243620000001,468.619403,474.164258,476.332634,475.382569
"OECD ENV-Growth 2025","Historical Reference","Nigeria","GDP|PPP","billion USD_2010/yr",1,,,,,,,,,262.91250312,277.17849784,322.5973686,510.3498838,755.4051592,950.3030389200001,964.1913596,1127.4378716,,,,,,,,,,,,,,,
"OECD ENV-Growth 2025","Historical Reference","Nigeria","GDP|PPP","billion USD_2015/yr",1,,,,,,,,,271.935576654,286.691175778,333.668807745,527.864929585,781.3304241399999,982.917137139,997.28210057,1166.13118097,,,,,,,,,,,,,,,
"OECD ENV-Growth 2025","Historical Reference","Nigeria","GDP|PPP","billion USD_2017/yr",1,,,,,,,,,276.366,291.362,339.105,536.465,794.06,998.931,1013.53,1185.13,,,,,,,,,,,,,,,
"OECD ENV-Growth 2025","SSP1","Nigeria","GDP|PPP","billion USD_2010/yr",1,,,,,,,,,,,,,,,,1127.4378716,1347.6684516,1726.598234,2214.0450888,2847.9286312,3638.7419208,4604.6932224,5777.8039672,7178.946116000001,8812.79065,10673.049344,12757.771992,15066.435368,17597.707624,20346.166236,23300.871024
"OECD ENV-Growth 2025","SSP1","Nigeria","GDP|PPP","billion USD_2015/yr",1,,,,,,,,,,,,,,,,1166.13118097,1393.92000447,1785.85453655,2290.03041246,2945.66863654,3763.62238686,4762.724830079999,5976.09636274,7425.3252647,9115.242823749999,11039.3450048,13195.6146714,15583.5106406,18201.6553558,21044.4401937,24100.5495108
"OECD ENV-Growth 2025","SSP1","Nigeria","GDP|PPP","billion USD_2017/yr",1,,,,,,,,,,,,,,,,1185.13,1416.63,1814.95,2327.34,2993.66,3824.94,4840.32,6073.46,7546.3,9263.75,11219.2,13410.6,15837.4,18498.2,21387.3,24493.2
"OECD ENV-Growth 2025","SSP2","Nigeria","GDP|PPP","billion USD_2010/yr",1,,,,,,,,,,,,,,,,1127.4378716,1347.1832784,1710.8824276,2154.0167968,2703.508742,3390.038333200001,4245.788726000001,5300.0320368,6581.0034432,8106.6448404,9897.343016,11973.979444,14359.319212,17074.005964,20133.73648,23542.696568
"OECD ENV-Growth 2025","SSP2","Nigeria","GDP|PPP","billion USD_2015/yr",1,,,,,,,,,,,,,,,,1166.13118097,1393.41818028,1769.59936867,2227.94196856,2796.29230265,3506.38337119,4391.50284545,5481.92745156,6806.86138944,8384.86231443,10237.0166822,12384.9226123,14852.1264829,17659.9804213,20824.719916,24350.6744306
"OECD ENV-Growth 2025","SSP2","Nigeria","GDP|PPP","billion USD_2017/yr",1,,,,,,,,,,,,,,,,1185.13,1416.12,1798.43,2264.24,2841.85,3563.51,4463.05,5571.24,6917.76,8521.47,10403.8,12586.7,15094.1,17947.7,21164,24747.4
"OECD ENV-Growth 2025","SSP3","Nigeria","GDP|PPP","billion USD_2010/yr",1,,,,,,,,,,,,,,,,1127.4378716,1348.543666,1697.1739064,2081.9257672,2504.9967976,2985.2136204,3536.9031148,4155.318194,4839.0699308,5579.8057356,6373.5871436,7210.9485208,8084.964257600001,8988.6706916,9913.23006,10844.001548
"OECD ENV-Growth 2025","SSP3","Nigeria","GDP|PPP","billion USD_2015/yr",1,,,,,,,,,,,,,,,,1166.13118097,1394.82525595,1755.42037538,2153.37679774,2590.96749142,3087.66520293,3658.28850541,4297.92739355,5005.14527261,5771.30289477,6592.32662837,7458.425981859999,8362.43766092,9297.15901247,10253.4489645,11216.1642341
"OECD ENV-Growth 2025","SSP3","Nigeria","GDP|PPP","billion USD_2017/yr",1,,,,,,,,,,,,,,,,1185.13,1417.55,1784.02,2188.46,2633.18,3137.97,3717.89,4367.95,5086.69,5865.33,6699.73,7579.94,8498.68,9448.63,10420.5,11398.9
"OECD ENV-Growth 2025","SSP5","Nigeria","GDP|PPP","billion USD_2010/yr",1,,,,,,,,,,,,,,,,1127.4378716,1348.638798,1755.9084032,2340.6848072,3160.2089344,4217.8484576,5549.8962348,7220.9849468,9288.1081748,11792.182192,14761.822704,18232.903988,22245.571748,26842.159724,32061.576904,37936.168168
"OECD ENV-Growth 2025","SSP5","Nigeria","GDP|PPP","billion USD_2015/yr",1,,,,,,,,,,,,,,,,1166.13118097,1394.92365285,1816.17062144,2421.01636574,3268.66630048,4362.603675920001,5740.366909410001,7468.80685481,9606.873094909999,12196.8861364,15268.4437668,18858.6514571,23009.0326991,27763.3741133,33161.92003179999,39238.1254006
"OECD ENV-Growth 2025","SSP5","Nigeria","GDP|PPP","billion USD_2017/yr",1,,,,,,,,,,,,,,,,1185.13,1417.65,1845.76,2460.46,3321.92,4433.68,5833.89,7590.49,9763.39,12395.6,15517.2,19165.9,23383.9,28215.7,33702.2,39877.4
