"domestic energy production in Nigeria",Value,Year,Units
"Coal and coal products",2263,2000, TJ
"Coal and coal products",2173,2001, TJ
"Coal and coal products",1901,2002, TJ
"Coal and coal products",2082,2003, TJ
"Coal and coal products",2082,2004, TJ
"Coal and coal products",2444,2005, TJ
"Coal and coal products",2988,2006, TJ
"Coal and coal products",4255,2007, TJ
"Coal and coal products",9054,2008, TJ
"Coal and coal products",9054,2009, TJ
"Coal and coal products",9054,2010, TJ
"Coal and coal products",10865,2011, TJ
"Coal and coal products",14487,2012, TJ
"Coal and coal products",18109,2013, TJ
"Coal and coal products",18109,2014, TJ
"Coal and coal products",19014,2015, TJ
"Coal and coal products",19920,2016, TJ
"Coal and coal products",17203,2017, TJ
"Coal and coal products",19920,2018, TJ
"Coal and coal products",20902,2019, TJ
"Coal and coal products",24777,2020, TJ
"Coal and coal products",33683,2021, TJ
"Coal and coal products",38681,2022, TJ
"Coal and coal products",31552,2023, TJ
"Primary oil",4923513,2000, TJ
"Primary oil",5160417,2001, TJ
"Primary oil",4429358,2002, TJ
"Primary oil",5041538,2003, TJ
"Primary oil",5449430,2004, TJ
"Primary oil",5499316,2005, TJ
"Primary oil",5228556,2006, TJ
"Primary oil",4880595,2007, TJ
"Primary oil",4668570,2008, TJ
"Primary oil",4678701,2009, TJ
"Primary oil",5407965,2010, TJ
"Primary oil",5239072,2011, TJ
"Primary oil",5184954,2012, TJ
"Primary oil",4693492,2013, TJ
"Primary oil",4691141,2014, TJ
"Primary oil",4535371,2015, TJ
"Primary oil",3917677,2016, TJ
"Primary oil",3979130,2017, TJ
"Primary oil",4084111,2018, TJ
"Primary oil",4295487,2019, TJ
"Primary oil",3307055,2020, TJ
"Primary oil",2944359,2021, TJ
"Primary oil",2555025,2022, TJ
"Primary oil",2737203,2023, TJ
"Natural gas",426132,2000, TJ
"Natural gas",509580,2001, TJ
"Natural gas",485639,2002, TJ
"Natural gas",753441,2003, TJ
"Natural gas",823167,2004, TJ
"Natural gas",828009,2005, TJ
"Natural gas",967464,2006, TJ
"Natural gas",1210541,2007, TJ
"Natural gas",1180520,2008, TJ
"Natural gas",834789,2009, TJ
"Natural gas",1112884,2010, TJ
"Natural gas",1311258,2011, TJ
"Natural gas",1409070,2012, TJ
"Natural gas",1271075,2013, TJ
"Natural gas",1450766,2014, TJ
"Natural gas",1494117,2015, TJ
"Natural gas",1443240,2016, TJ
"Natural gas",1542420,2017, TJ
"Natural gas",1562940,2018, TJ
"Natural gas",1579356,2019, TJ
"Natural gas",1588931,2020, TJ
"Natural gas",1476355,2021, TJ
"Natural gas",1361298,2022, TJ
"Natural gas",1257446,2023, TJ
"Hydropower",20260,2000, TJ
"Hydropower",21272,2001, TJ
"Hydropower",29642,2002, TJ
"Hydropower",26812,2003, TJ
"Hydropower",29188,2004, TJ
"Hydropower",27964,2005, TJ
"Hydropower",22546,2006, TJ
"Hydropower",22417,2007, TJ
"Hydropower",20595,2008, TJ
"Hydropower",16304,2009, TJ
"Hydropower",22946,2010, TJ
"Hydropower",21178,2011, TJ
"Hydropower",20372,2012, TJ
"Hydropower",19173,2013, TJ
"Hydropower",19245,2014, TJ
"Hydropower",23122,2015, TJ
"Hydropower",29340,2016, TJ
"Hydropower",27888,2017, TJ
"Hydropower",27701,2018, TJ
"Hydropower",30038,2019, TJ
"Hydropower",29851,2020, TJ
"Hydropower",34159,2021, TJ
"Hydropower",33135,2022, TJ
"Hydropower",32785,2023, TJ
"Solar, wind and other renewables",,2000, TJ
"Solar, wind and other renewables",,2001, TJ
"Solar, wind and other renewables",,2002, TJ
"Solar, wind and other renewables",,2003, TJ
"Solar, wind and other renewables",,2004, TJ
"Solar, wind and other renewables",,2005, TJ
"Solar, wind and other renewables",,2006, TJ
"Solar, wind and other renewables",,2007, TJ
"Solar, wind and other renewables",,2008, TJ
"Solar, wind and other renewables",,2009, TJ
"Solar, wind and other renewables",,2010, TJ
"Solar, wind and other renewables",7,2011, TJ
"Solar, wind and other renewables",7,2012, TJ
"Solar, wind and other renewables",10,2013, TJ
"Solar, wind and other renewables",21,2014, TJ
"Solar, wind and other renewables",57,2015, TJ
"Solar, wind and other renewables",79,2016, TJ
"Solar, wind and other renewables",108,2017, TJ
"Solar, wind and other renewables",131,2018, TJ
"Solar, wind and other renewables",196,2019, TJ
"Solar, wind and other renewables",280,2020, TJ
"Solar, wind and other renewables",387,2021, TJ
"Solar, wind and other renewables",543,2022, TJ
"Solar, wind and other renewables",761,2023, TJ
"Biofuels and waste",719909,2000, TJ
"Biofuels and waste",744902,2001, TJ
"Biofuels and waste",771088,2002, TJ
"Biofuels and waste",801310,2003, TJ
"Biofuels and waste",829070,2004, TJ
"Biofuels and waste",859432,2005, TJ
"Biofuels and waste",894477,2006, TJ
"Biofuels and waste",957506,2007, TJ
"Biofuels and waste",980274,2008, TJ
"Biofuels and waste",1001317,2009, TJ
"Biofuels and waste",1072425,2010, TJ
"Biofuels and waste",1135755,2011, TJ
"Biofuels and waste",1245618,2012, TJ
"Biofuels and waste",1207155,2013, TJ
"Biofuels and waste",1113823,2014, TJ
"Biofuels and waste",1133442,2015, TJ
"Biofuels and waste",1156581,2016, TJ
"Biofuels and waste",1177072,2017, TJ
"Biofuels and waste",1206712,2018, TJ
"Biofuels and waste",1231545,2019, TJ
"Biofuels and waste",1279613,2020, TJ
"Biofuels and waste",1333146,2021, TJ
"Biofuels and waste",1352775,2022, TJ
"Biofuels and waste",1372877,2023, TJ