"electricity final consumption by sector in Nigeria",Value,Year,Units
"Industry",8038,2000, TJ
"Industry",8161,2001, TJ
"Industry",7459,2002, TJ
"Industry",6850,2003, TJ
"Industry",8265,2004, TJ
"Industry",9061,2005, TJ
"Industry",13262,2006, TJ
"Industry",17352,2007, TJ
"Industry",17910,2008, TJ
"Industry",16495,2009, TJ
"Industry",16999,2010, TJ
"Industry",19681,2011, TJ
"Industry",22824,2012, TJ
"Industry",24645,2013, TJ
"Industry",25214,2014, TJ
"Industry",25531,2015, TJ
"Industry",25437,2016, TJ
"Industry",23818,2017, TJ
"Industry",25697,2018, TJ
"Industry",26229,2019, TJ
"Industry",27643,2020, TJ
"Industry",29588,2021, TJ
"Industry",29405,2022, TJ
"Industry",29610,2023, TJ
"Residential",15951,2000, TJ
"Residential",16588,2001, TJ
"Residential",27774,2002, TJ
"Residential",27608,2003, TJ
"Residential",34405,2004, TJ
"Residential",37087,2005, TJ
"Residential",28195,2006, TJ
"Residential",36327,2007, TJ
"Residential",36863,2008, TJ
"Residential",36586,2009, TJ
"Residential",43063,2010, TJ
"Residential",48844,2011, TJ
"Residential",52376,2012, TJ
"Residential",48448,2013, TJ
"Residential",50410,2014, TJ
"Residential",51706,2015, TJ
"Residential",53020,2016, TJ
"Residential",54377,2017, TJ
"Residential",55752,2018, TJ
"Residential",57134,2019, TJ
"Residential",58545,2020, TJ
"Residential",59971,2021, TJ
"Residential",61416,2022, TJ
"Residential",62895,2023, TJ
"Commercial and public services",8445,2000, TJ
"Commercial and public services",8780,2001, TJ
"Commercial and public services",11872,2002, TJ
"Commercial and public services",12736,2003, TJ
"Commercial and public services",15875,2004, TJ
"Commercial and public services",17114,2005, TJ
"Commercial and public services",14677,2006, TJ
"Commercial and public services",18907,2007, TJ
"Commercial and public services",16466,2008, TJ
"Commercial and public services",16700,2009, TJ
"Commercial and public services",19616,2010, TJ
"Commercial and public services",22248,2011, TJ
"Commercial and public services",23857,2012, TJ
"Commercial and public services",22067,2013, TJ
"Commercial and public services",22964,2014, TJ
"Commercial and public services",23993,2015, TJ
"Commercial and public services",24602,2016, TJ
"Commercial and public services",25232,2017, TJ
"Commercial and public services",25870,2018, TJ
"Commercial and public services",26511,2019, TJ
"Commercial and public services",27166,2020, TJ
"Commercial and public services",27827,2021, TJ
"Commercial and public services",28498,2022, TJ
"Commercial and public services",29184,2023, TJ