chart,pdf_page,series,unit,2020,2025,2030,2035,2040,2045,2050,2055,2060
national_stoves,37,Biofuels,'000 units,4005.4,2591.7,5890.3,4476.6,4476.6,0.0,0.0,1178.1,11309.4
national_stoves,37,Electric,'000 units,471.2,1178.1,16964.1,36755.5,57960.5,70683.6,77516.3,86469.6,82228.6
national_stoves,37,LPG,'000 units,15786.0,29922.7,26624.2,20262.6,5654.7,4005.4,3769.8,0.0,0.0
national_stoves,37,Traditional biomass,'000 units,24032.4,15786.0,5890.3,0.0,0.0,0.0,0.0,0.0,0.0
national_stoves,37,TOTAL,'000 units,44295.0,49478.5,55368.8,61494.7,68091.9,74689.0,81286.1,87647.7,93537.9
urban_stoves,38,Biofuels,'000 units,3558.7,2302.7,1884.0,628.0,628.0,0.0,0.0,0.0,3768.0
urban_stoves,38,Electric,'000 units,209.3,209.3,14653.3,28259.9,47937.2,55473.2,62171.8,68451.8,70754.5
urban_stoves,38,LPG,'000 units,13397.3,22817.3,19258.6,14234.6,628.0,0.0,0.0,0.0,0.0
urban_stoves,38,Traditional biomass,'000 units,10048.0,6698.6,1674.7,0.0,0.0,0.0,0.0,0.0,0.0
urban_stoves,38,TOTAL,'000 units,27213.3,32027.9,37470.6,43122.5,49193.2,55473.2,62171.8,68451.8,74522.5
rural_stoves,39,Biofuels,'000 units,497.4,348.2,4178.5,3979.5,3979.5,0.0,0.0,1193.9,7660.5
rural_stoves,39,Electric,'000 units,49.7,994.9,2387.7,8357.0,9948.8,15221.6,15420.6,18206.2,11590.3
rural_stoves,39,LPG,'000 units,2487.2,7063.6,7461.6,6218.0,5024.1,3979.5,4029.2,0.0,0.0
rural_stoves,39,Traditional biomass,'000 units,14177.0,9152.9,4029.2,0.0,0.0,0.0,0.0,0.0,0.0
rural_stoves,39,TOTAL,'000 units,17211.4,17559.6,18057.0,18554.4,18952.4,19201.1,19449.8,19400.1,19250.9
fuel_demand,40,Biomass,PJ,184.5,120.7,60.6,14.6,14.6,0.0,0.0,3.8,36.8
fuel_demand,40,Electric,PJ,0.5,1.6,26.0,55.7,88.7,108.2,118.5,132.6,126.6
fuel_demand,40,LPG,PJ,31.4,59.0,51.9,39.5,10.3,7.0,7.6,0.0,0.0
fuel_demand,40,TOTAL,PJ,216.4,181.3,138.5,109.8,113.6,115.3,126.1,136.4,163.4
