series,unit,2020,2025,2030,2035,2040,2045,2050,2055,2060
Gas On-grid,GW,11.18,11.92,13.41,17.14,14.16,13.41,10.43,10.43,10.43
Gas Captive,GW,3.73,4.47,4.47,0.75,0.75,0.75,0.75,0.75,0.75
Gas Embedded,GW,0.75,0.75,0.75,0.75,0.75,0.75,0.75,0.75,0.75
Biomass,GW,0.00,0.00,2.98,2.98,2.98,3.73,5.96,5.96,5.96
Large Hydro,GW,2.24,2.24,5.96,6.71,8.20,8.94,10.43,11.18,10.43
Solar PV,GW,0.00,0.75,8.20,11.92,64.82,101.32,166.14,196.69,196.69
Solar PV decentralized,GW,0.75,0.75,5.22,5.22,5.96,6.71,7.45,7.45,12.67
Onshore wind,GW,0.00,0.75,0.75,0.75,0.75,0.75,0.00,0.00,0.00
Small hydro,GW,0.75,0.00,0.00,0.00,0.00,0.00,0.00,0.00,0.00
Diesel decentralized,GW,22.35,12.67,0.75,1.49,0.75,0.75,1.49,2.98,3.73
Hydrogen,GW,0.00,0.00,0.00,1.49,3.73,3.73,3.73,3.73,35.76
Imports,GW,0.00,0.00,0.00,0.00,0.00,0.00,1.49,1.49,1.49
Exports,GW,1.49,2.24,2.98,2.98,2.98,2.98,2.98,2.98,2.98
TOTAL,GW,43.21,36.51,45.45,52.15,105.79,143.79,211.59,244.37,281.62
