entity,code,year,annual_co2_emissions_tonnes
Nigeria,NGA,2005,101666030
Nigeria,NGA,2006,90097150
Nigeria,NGA,2007,82170030
Nigeria,NGA,2008,86488856
Nigeria,NGA,2009,77031380
Nigeria,NGA,2010,112049800
Nigeria,NGA,2011,126115480
Nigeria,NGA,2012,110124550
Nigeria,NGA,2013,117400790
Nigeria,NGA,2014,123971240
Nigeria,NGA,2015,110524590
Nigeria,NGA,2016,116396000
Nigeria,NGA,2017,112540370
Nigeria,NGA,2018,106785730
Nigeria,NGA,2019,127859300
Nigeria,NGA,2020,124899300
Nigeria,NGA,2021,147776620
Nigeria,NGA,2022,131440936
Nigeria,NGA,2023,129376100
Nigeria,NGA,2024,135824000
