"commercial and public services total final consumption by source in Africa",Value,Year,Units
"Coal and coal products",30445,2000, TJ
"Coal and coal products",40602,2001, TJ
"Coal and coal products",50261,2002, TJ
"Coal and coal products",56818,2003, TJ
"Coal and coal products",61965,2004, TJ
"Coal and coal products",68836,2005, TJ
"Coal and coal products",81576,2006, TJ
"Coal and coal products",103754,2007, TJ
"Coal and coal products",112439,2008, TJ
"Coal and coal products",110267,2009, TJ
"Coal and coal products",47850,2010, TJ
"Coal and coal products",53898,2011, TJ
"Coal and coal products",82994,2012, TJ
"Coal and coal products",84933,2013, TJ
"Coal and coal products",87161,2014, TJ
"Coal and coal products",75509,2015, TJ
"Coal and coal products",66814,2016, TJ
"Coal and coal products",111318,2017, TJ
"Coal and coal products",81840,2018, TJ
"Coal and coal products",53388,2019, TJ
"Coal and coal products",49839,2020, TJ
"Coal and coal products",48761,2021, TJ
"Coal and coal products",45901,2022, TJ
"Coal and coal products",45903,2023, TJ
"Oil products",46323,2000, TJ
"Oil products",45419,2001, TJ
"Oil products",45568,2002, TJ
"Oil products",43908,2003, TJ
"Oil products",48887,2004, TJ
"Oil products",47175,2005, TJ
"Oil products",58314,2006, TJ
"Oil products",65601,2007, TJ
"Oil products",72452,2008, TJ
"Oil products",69540,2009, TJ
"Oil products",81068,2010, TJ
"Oil products",86135,2011, TJ
"Oil products",91573,2012, TJ
"Oil products",106884,2013, TJ
"Oil products",106150,2014, TJ
"Oil products",105681,2015, TJ
"Oil products",110201,2016, TJ
"Oil products",99380,2017, TJ
"Oil products",95886,2018, TJ
"Oil products",102609,2019, TJ
"Oil products",105615,2020, TJ
"Oil products",127726,2021, TJ
"Oil products",128479,2022, TJ
"Oil products",138067,2023, TJ
"Natural gas",30474,2000, TJ
"Natural gas",30355,2001, TJ
"Natural gas",32528,2002, TJ
"Natural gas",34369,2003, TJ
"Natural gas",33874,2004, TJ
"Natural gas",36179,2005, TJ
"Natural gas",44002,2006, TJ
"Natural gas",45431,2007, TJ
"Natural gas",46830,2008, TJ
"Natural gas",49488,2009, TJ
"Natural gas",53260,2010, TJ
"Natural gas",58154,2011, TJ
"Natural gas",59759,2012, TJ
"Natural gas",60278,2013, TJ
"Natural gas",61538,2014, TJ
"Natural gas",62339,2015, TJ
"Natural gas",62011,2016, TJ
"Natural gas",64503,2017, TJ
"Natural gas",66659,2018, TJ
"Natural gas",67313,2019, TJ
"Natural gas",64741,2020, TJ
"Natural gas",66116,2021, TJ
"Natural gas",70512,2022, TJ
"Natural gas",71070,2023, TJ
"Electricity",169405,2000, TJ
"Electricity",180273,2001, TJ
"Electricity",199943,2002, TJ
"Electricity",213019,2003, TJ
"Electricity",242394,2004, TJ
"Electricity",270781,2005, TJ
"Electricity",293549,2006, TJ
"Electricity",304867,2007, TJ
"Electricity",319513,2008, TJ
"Electricity",334742,2009, TJ
"Electricity",354773,2010, TJ
"Electricity",355801,2011, TJ
"Electricity",383800,2012, TJ
"Electricity",395560,2013, TJ
"Electricity",393919,2014, TJ
"Electricity",392961,2015, TJ
"Electricity",439131,2016, TJ
"Electricity",448934,2017, TJ
"Electricity",450477,2018, TJ
"Electricity",446821,2019, TJ
"Electricity",445389,2020, TJ
"Electricity",445991,2021, TJ
"Electricity",475377,2022, TJ
"Electricity",483137,2023, TJ
"Solar, wind and other renewables",2,2000, TJ
"Solar, wind and other renewables",1,2001, TJ
"Solar, wind and other renewables",1,2002, TJ
"Solar, wind and other renewables",,2003, TJ
"Solar, wind and other renewables",,2004, TJ
"Solar, wind and other renewables",,2005, TJ
"Solar, wind and other renewables",,2006, TJ
"Solar, wind and other renewables",,2007, TJ
"Solar, wind and other renewables",,2008, TJ
"Solar, wind and other renewables",,2009, TJ
"Solar, wind and other renewables",20,2010, TJ
"Solar, wind and other renewables",22,2011, TJ
"Solar, wind and other renewables",35,2012, TJ
"Solar, wind and other renewables",48,2013, TJ
"Solar, wind and other renewables",53,2014, TJ
"Solar, wind and other renewables",65,2015, TJ
"Solar, wind and other renewables",81,2016, TJ
"Solar, wind and other renewables",91,2017, TJ
"Solar, wind and other renewables",101,2018, TJ
"Solar, wind and other renewables",110,2019, TJ
"Solar, wind and other renewables",117,2020, TJ
"Solar, wind and other renewables",883,2021, TJ
"Solar, wind and other renewables",917,2022, TJ
"Solar, wind and other renewables",951,2023, TJ
"Biofuels and waste",244556,2000, TJ
"Biofuels and waste",244271,2001, TJ
"Biofuels and waste",221681,2002, TJ
"Biofuels and waste",231417,2003, TJ
"Biofuels and waste",252730,2004, TJ
"Biofuels and waste",259077,2005, TJ
"Biofuels and waste",275593,2006, TJ
"Biofuels and waste",280359,2007, TJ
"Biofuels and waste",280075,2008, TJ
"Biofuels and waste",284699,2009, TJ
"Biofuels and waste",307494,2010, TJ
"Biofuels and waste",336343,2011, TJ
"Biofuels and waste",399450,2012, TJ
"Biofuels and waste",388599,2013, TJ
"Biofuels and waste",412614,2014, TJ
"Biofuels and waste",431121,2015, TJ
"Biofuels and waste",458090,2016, TJ
"Biofuels and waste",464669,2017, TJ
"Biofuels and waste",472901,2018, TJ
"Biofuels and waste",494847,2019, TJ
"Biofuels and waste",506301,2020, TJ
"Biofuels and waste",520157,2021, TJ
"Biofuels and waste",534844,2022, TJ
"Biofuels and waste",545623,2023, TJ