"industry total final consumption by source in Africa",Value,Year,Units
"Coal and coal products",484487,2000, TJ
"Coal and coal products",445909,2001, TJ
"Coal and coal products",479806,2002, TJ
"Coal and coal products",492120,2003, TJ
"Coal and coal products",550098,2004, TJ
"Coal and coal products",609872,2005, TJ
"Coal and coal products",576287,2006, TJ
"Coal and coal products",514272,2007, TJ
"Coal and coal products",519993,2008, TJ
"Coal and coal products",683091,2009, TJ
"Coal and coal products",540284,2010, TJ
"Coal and coal products",460930,2011, TJ
"Coal and coal products",473885,2012, TJ
"Coal and coal products",516406,2013, TJ
"Coal and coal products",555978,2014, TJ
"Coal and coal products",507263,2015, TJ
"Coal and coal products",551717,2016, TJ
"Coal and coal products",566008,2017, TJ
"Coal and coal products",685744,2018, TJ
"Coal and coal products",652584,2019, TJ
"Coal and coal products",604446,2020, TJ
"Coal and coal products",646368,2021, TJ
"Coal and coal products",654263,2022, TJ
"Coal and coal products",686735,2023, TJ
"Oil and oil products",551552,2000, TJ
"Oil and oil products",584284,2001, TJ
"Oil and oil products",584082,2002, TJ
"Oil and oil products",575320,2003, TJ
"Oil and oil products",635452,2004, TJ
"Oil and oil products",632846,2005, TJ
"Oil and oil products",634682,2006, TJ
"Oil and oil products",635350,2007, TJ
"Oil and oil products",677231,2008, TJ
"Oil and oil products",683902,2009, TJ
"Oil and oil products",700020,2010, TJ
"Oil and oil products",694574,2011, TJ
"Oil and oil products",653257,2012, TJ
"Oil and oil products",720057,2013, TJ
"Oil and oil products",759808,2014, TJ
"Oil and oil products",736013,2015, TJ
"Oil and oil products",730250,2016, TJ
"Oil and oil products",679770,2017, TJ
"Oil and oil products",693967,2018, TJ
"Oil and oil products",688236,2019, TJ
"Oil and oil products",645783,2020, TJ
"Oil and oil products",691834,2021, TJ
"Oil and oil products",736082,2022, TJ
"Oil and oil products",761318,2023, TJ
"Natural gas",257019,2000, TJ
"Natural gas",343845,2001, TJ
"Natural gas",311851,2002, TJ
"Natural gas",393556,2003, TJ
"Natural gas",318199,2004, TJ
"Natural gas",494072,2005, TJ
"Natural gas",541777,2006, TJ
"Natural gas",672939,2007, TJ
"Natural gas",619878,2008, TJ
"Natural gas",493762,2009, TJ
"Natural gas",555716,2010, TJ
"Natural gas",704422,2011, TJ
"Natural gas",693704,2012, TJ
"Natural gas",679292,2013, TJ
"Natural gas",616053,2014, TJ
"Natural gas",657754,2015, TJ
"Natural gas",632289,2016, TJ
"Natural gas",712646,2017, TJ
"Natural gas",737494,2018, TJ
"Natural gas",738412,2019, TJ
"Natural gas",773632,2020, TJ
"Natural gas",884997,2021, TJ
"Natural gas",882629,2022, TJ
"Natural gas",900335,2023, TJ
"Electricity",626947,2000, TJ
"Electricity",667565,2001, TJ
"Electricity",708314,2002, TJ
"Electricity",698364,2003, TJ
"Electricity",741912,2004, TJ
"Electricity",754741,2005, TJ
"Electricity",792685,2006, TJ
"Electricity",828874,2007, TJ
"Electricity",819518,2008, TJ
"Electricity",808710,2009, TJ
"Electricity",870393,2010, TJ
"Electricity",916428,2011, TJ
"Electricity",902314,2012, TJ
"Electricity",905511,2013, TJ
"Electricity",922842,2014, TJ
"Electricity",903438,2015, TJ
"Electricity",908549,2016, TJ
"Electricity",935385,2017, TJ
"Electricity",957625,2018, TJ
"Electricity",950511,2019, TJ
"Electricity",959828,2020, TJ
"Electricity",988449,2021, TJ
"Electricity",1007336,2022, TJ
"Electricity",1020300,2023, TJ
"Solar, wind and other renewables",,2000, TJ
"Solar, wind and other renewables",3,2001, TJ
"Solar, wind and other renewables",3,2002, TJ
"Solar, wind and other renewables",4,2003, TJ
"Solar, wind and other renewables",,2004, TJ
"Solar, wind and other renewables",,2005, TJ
"Solar, wind and other renewables",,2006, TJ
"Solar, wind and other renewables",,2007, TJ
"Solar, wind and other renewables",,2008, TJ
"Solar, wind and other renewables",,2009, TJ
"Solar, wind and other renewables",,2010, TJ
"Solar, wind and other renewables",,2011, TJ
"Solar, wind and other renewables",,2012, TJ
"Solar, wind and other renewables",,2013, TJ
"Solar, wind and other renewables",,2014, TJ
"Solar, wind and other renewables",,2015, TJ
"Solar, wind and other renewables",,2016, TJ
"Solar, wind and other renewables",,2017, TJ
"Solar, wind and other renewables",3,2018, TJ
"Solar, wind and other renewables",3,2019, TJ
"Solar, wind and other renewables",3,2020, TJ
"Solar, wind and other renewables",3,2021, TJ
"Solar, wind and other renewables",3,2022, TJ
"Solar, wind and other renewables",3,2023, TJ
"Biofuels and waste",546741,2000, TJ
"Biofuels and waste",557314,2001, TJ
"Biofuels and waste",602995,2002, TJ
"Biofuels and waste",626136,2003, TJ
"Biofuels and waste",652061,2004, TJ
"Biofuels and waste",692218,2005, TJ
"Biofuels and waste",731217,2006, TJ
"Biofuels and waste",773769,2007, TJ
"Biofuels and waste",826740,2008, TJ
"Biofuels and waste",859582,2009, TJ
"Biofuels and waste",902532,2010, TJ
"Biofuels and waste",913560,2011, TJ
"Biofuels and waste",880298,2012, TJ
"Biofuels and waste",953251,2013, TJ
"Biofuels and waste",807412,2014, TJ
"Biofuels and waste",809357,2015, TJ
"Biofuels and waste",808108,2016, TJ
"Biofuels and waste",698573,2017, TJ
"Biofuels and waste",713716,2018, TJ
"Biofuels and waste",722148,2019, TJ
"Biofuels and waste",723610,2020, TJ
"Biofuels and waste",729574,2021, TJ
"Biofuels and waste",747436,2022, TJ
"Biofuels and waste",748700,2023, TJ