"transport total final consumption by source in Africa",Value,Year,Units
"Coal and coal products",430,2000, TJ
"Coal and coal products",430,2001, TJ
"Coal and coal products",377,2002, TJ
"Coal and coal products",323,2003, TJ
"Coal and coal products",296,2004, TJ
"Coal and coal products",323,2005, TJ
"Coal and coal products",323,2006, TJ
"Coal and coal products",323,2007, TJ
"Coal and coal products",269,2008, TJ
"Coal and coal products",296,2009, TJ
"Coal and coal products",323,2010, TJ
"Coal and coal products",2537,2011, TJ
"Coal and coal products",863,2012, TJ
"Coal and coal products",900,2013, TJ
"Coal and coal products",1058,2014, TJ
"Coal and coal products",436,2015, TJ
"Coal and coal products",138,2016, TJ
"Coal and coal products",302,2017, TJ
"Coal and coal products",344,2018, TJ
"Coal and coal products",242,2019, TJ
"Coal and coal products",244,2020, TJ
"Coal and coal products",269,2021, TJ
"Coal and coal products",359,2022, TJ
"Coal and coal products",332,2023, TJ
"Oil products",2228053,2000, TJ
"Oil products",2336379,2001, TJ
"Oil products",2447899,2002, TJ
"Oil products",2568233,2003, TJ
"Oil products",2697992,2004, TJ
"Oil products",2748646,2005, TJ
"Oil products",2805171,2006, TJ
"Oil products",2961900,2007, TJ
"Oil products",3163666,2008, TJ
"Oil products",3303473,2009, TJ
"Oil products",3581652,2010, TJ
"Oil products",3697756,2011, TJ
"Oil products",4025254,2012, TJ
"Oil products",4368289,2013, TJ
"Oil products",4547803,2014, TJ
"Oil products",4624171,2015, TJ
"Oil products",4844943,2016, TJ
"Oil products",4862390,2017, TJ
"Oil products",5016660,2018, TJ
"Oil products",5035871,2019, TJ
"Oil products",4650508,2020, TJ
"Oil products",5232794,2021, TJ
"Oil products",5392226,2022, TJ
"Oil products",5396757,2023, TJ
"Natural gas",27711,2000, TJ
"Natural gas",26846,2001, TJ
"Natural gas",31550,2002, TJ
"Natural gas",62506,2003, TJ
"Natural gas",40639,2004, TJ
"Natural gas",59951,2005, TJ
"Natural gas",69084,2006, TJ
"Natural gas",61134,2007, TJ
"Natural gas",55002,2008, TJ
"Natural gas",47437,2009, TJ
"Natural gas",55636,2010, TJ
"Natural gas",56199,2011, TJ
"Natural gas",54238,2012, TJ
"Natural gas",43438,2013, TJ
"Natural gas",41155,2014, TJ
"Natural gas",42622,2015, TJ
"Natural gas",50923,2016, TJ
"Natural gas",53609,2017, TJ
"Natural gas",53109,2018, TJ
"Natural gas",48836,2019, TJ
"Natural gas",47817,2020, TJ
"Natural gas",64746,2021, TJ
"Natural gas",68264,2022, TJ
"Natural gas",58800,2023, TJ
"Electricity",22168,2000, TJ
"Electricity",23608,2001, TJ
"Electricity",26207,2002, TJ
"Electricity",23925,2003, TJ
"Electricity",25549,2004, TJ
"Electricity",22996,2005, TJ
"Electricity",15933,2006, TJ
"Electricity",27680,2007, TJ
"Electricity",16174,2008, TJ
"Electricity",16743,2009, TJ
"Electricity",16912,2010, TJ
"Electricity",17920,2011, TJ
"Electricity",20430,2012, TJ
"Electricity",20026,2013, TJ
"Electricity",19965,2014, TJ
"Electricity",20473,2015, TJ
"Electricity",21661,2016, TJ
"Electricity",20976,2017, TJ
"Electricity",21192,2018, TJ
"Electricity",21201,2019, TJ
"Electricity",17558,2020, TJ
"Electricity",19583,2021, TJ
"Electricity",18379,2022, TJ
"Electricity",19265,2023, TJ
"Biofuels and waste",,2000, TJ
"Biofuels and waste",,2001, TJ
"Biofuels and waste",,2002, TJ
"Biofuels and waste",,2003, TJ
"Biofuels and waste",,2004, TJ
"Biofuels and waste",,2005, TJ
"Biofuels and waste",,2006, TJ
"Biofuels and waste",,2007, TJ
"Biofuels and waste",26,2008, TJ
"Biofuels and waste",107,2009, TJ
"Biofuels and waste",133,2010, TJ
"Biofuels and waste",187,2011, TJ
"Biofuels and waste",428,2012, TJ
"Biofuels and waste",1286,2013, TJ
"Biofuels and waste",1930,2014, TJ
"Biofuels and waste",2039,2015, TJ
"Biofuels and waste",1607,2016, TJ
"Biofuels and waste",2251,2017, TJ
"Biofuels and waste",2437,2018, TJ
"Biofuels and waste",2579,2019, TJ
"Biofuels and waste",2453,2020, TJ
"Biofuels and waste",2550,2021, TJ
"Biofuels and waste",2601,2022, TJ
"Biofuels and waste",2745,2023, TJ