DATAFLOW,FREQ,REF_AREA,COMMODITY,TRANSACTION,TIME_PERIOD,OBS_VALUE,UNIT_MULT,UNIT_MEASURE,OBS_STATUS,CONVERSION_FACTOR
UNSD:DF_UNDATA_ENERGY(1.2),A,566,0100,01,2020,960.38,3,TN,A,25.8000000
UNSD:DF_UNDATA_ENERGY(1.2),A,566,0100,01,2021,1305.6,3,TN,A,25.8000000
UNSD:DF_UNDATA_ENERGY(1.2),A,566,0100,01,2022,1499.28,3,TN,A,25.8000000
UNSD:DF_UNDATA_ENERGY(1.2),A,566,0100,01,2023,1222.97,3,TN,A,25.8000000
UNSD:DF_UNDATA_ENERGY(1.2),A,566,0100,04,2022,131,3,TN,A,25.8000000
UNSD:DF_UNDATA_ENERGY(1.2),A,566,0100,04,2023,168.76,3,TN,A,25.8000000
UNSD:DF_UNDATA_ENERGY(1.2),A,566,0100,12,2020,960.38,3,TN,A,25.8000000
UNSD:DF_UNDATA_ENERGY(1.2),A,566,0100,12,2021,1305.6,3,TN,A,25.8000000
UNSD:DF_UNDATA_ENERGY(1.2),A,566,0100,12,2022,1368.28,3,TN,A,25.8000000
UNSD:DF_UNDATA_ENERGY(1.2),A,566,0100,12,2023,1054.21,3,TN,A,25.8000000
UNSD:DF_UNDATA_ENERGY(1.2),A,566,0100,121,2020,960.38,3,TN,A,25.8000000
UNSD:DF_UNDATA_ENERGY(1.2),A,566,0100,121,2021,1305.6,3,TN,A,25.8000000
UNSD:DF_UNDATA_ENERGY(1.2),A,566,0100,121,2022,1368.28,3,TN,A,25.8000000
UNSD:DF_UNDATA_ENERGY(1.2),A,566,0100,121,2023,1054.21,3,TN,A,25.8000000
UNSD:DF_UNDATA_ENERGY(1.2),A,566,0100,1214,2020,960.38,3,TN,A,25.8000000
UNSD:DF_UNDATA_ENERGY(1.2),A,566,0100,1214,2021,1305.6,3,TN,A,25.8000000
UNSD:DF_UNDATA_ENERGY(1.2),A,566,0100,1214,2022,1368.28,3,TN,A,25.8000000
UNSD:DF_UNDATA_ENERGY(1.2),A,566,0100,1214,2023,1054.21,3,TN,A,25.8000000
UNSD:DF_UNDATA_ENERGY(1.2),A,566,0100,1214B,2020,960.38,3,TN,A,25.8000000
UNSD:DF_UNDATA_ENERGY(1.2),A,566,0100,1214B,2021,1305.6,3,TN,A,25.8000000
UNSD:DF_UNDATA_ENERGY(1.2),A,566,0100,1214B,2022,1368.28,3,TN,A,25.8000000
UNSD:DF_UNDATA_ENERGY(1.2),A,566,0100,1214B,2023,1054.21,3,TN,A,25.8000000
UNSD:DF_UNDATA_ENERGY(1.2),A,566,0100,GA,2020,960.38,3,TN,A,25.8000000
UNSD:DF_UNDATA_ENERGY(1.2),A,566,0100,GA,2021,1305.6,3,TN,A,25.8000000
UNSD:DF_UNDATA_ENERGY(1.2),A,566,0100,GA,2022,1368.28,3,TN,A,25.8000000
UNSD:DF_UNDATA_ENERGY(1.2),A,566,0100,GA,2023,1054.21,3,TN,A,25.8000000
UNSD:DF_UNDATA_ENERGY(1.2),A,566,0100,NA,2020,960.38,3,TN,A,25.8000000
UNSD:DF_UNDATA_ENERGY(1.2),A,566,0100,NA,2021,1305.6,3,TN,A,25.8000000
UNSD:DF_UNDATA_ENERGY(1.2),A,566,0100,NA,2022,1368.28,3,TN,A,25.8000000
UNSD:DF_UNDATA_ENERGY(1.2),A,566,0100,NA,2023,1054.21,3,TN,A,25.8000000
UNSD:DF_UNDATA_ENERGY(1.2),A,566,0129,01,2020,960.38,3,TN,A,25.8000000
UNSD:DF_UNDATA_ENERGY(1.2),A,566,0129,01,2021,1305.6,3,TN,A,25.8000000
UNSD:DF_UNDATA_ENERGY(1.2),A,566,0129,01,2022,1499.28,3,TN,A,25.8000000
UNSD:DF_UNDATA_ENERGY(1.2),A,566,0129,01,2023,1222.97,3,TN,A,25.8000000
UNSD:DF_UNDATA_ENERGY(1.2),A,566,0129,04,2022,131,3,TN,A,25.8000000
UNSD:DF_UNDATA_ENERGY(1.2),A,566,0129,04,2023,168.76,3,TN,A,25.8000000
UNSD:DF_UNDATA_ENERGY(1.2),A,566,0129,12,2020,960.38,3,TN,A,25.8000000
UNSD:DF_UNDATA_ENERGY(1.2),A,566,0129,12,2021,1305.6,3,TN,A,25.8000000
UNSD:DF_UNDATA_ENERGY(1.2),A,566,0129,12,2022,1368.28,3,TN,A,25.8000000
UNSD:DF_UNDATA_ENERGY(1.2),A,566,0129,12,2023,1054.21,3,TN,A,25.8000000
UNSD:DF_UNDATA_ENERGY(1.2),A,566,0129,121,2020,960.38,3,TN,A,25.8000000
UNSD:DF_UNDATA_ENERGY(1.2),A,566,0129,121,2021,1305.6,3,TN,A,25.8000000
UNSD:DF_UNDATA_ENERGY(1.2),A,566,0129,121,2022,1368.28,3,TN,A,25.8000000
UNSD:DF_UNDATA_ENERGY(1.2),A,566,0129,121,2023,1054.21,3,TN,A,25.8000000
UNSD:DF_UNDATA_ENERGY(1.2),A,566,0129,1214,2020,960.38,3,TN,A,25.8000000
UNSD:DF_UNDATA_ENERGY(1.2),A,566,0129,1214,2021,1305.6,3,TN,A,25.8000000
UNSD:DF_UNDATA_ENERGY(1.2),A,566,0129,1214,2022,1368.28,3,TN,A,25.8000000
UNSD:DF_UNDATA_ENERGY(1.2),A,566,0129,1214,2023,1054.21,3,TN,A,25.8000000
UNSD:DF_UNDATA_ENERGY(1.2),A,566,0129,1214B,2020,960.38,3,TN,A,25.8000000
UNSD:DF_UNDATA_ENERGY(1.2),A,566,0129,1214B,2021,1305.6,3,TN,A,25.8000000
UNSD:DF_UNDATA_ENERGY(1.2),A,566,0129,1214B,2022,1368.28,3,TN,A,25.8000000
UNSD:DF_UNDATA_ENERGY(1.2),A,566,0129,1214B,2023,1054.21,3,TN,A,25.8000000
UNSD:DF_UNDATA_ENERGY(1.2),A,566,0129,GA,2020,960.38,3,TN,A,25.8000000
UNSD:DF_UNDATA_ENERGY(1.2),A,566,0129,GA,2021,1305.6,3,TN,A,25.8000000
UNSD:DF_UNDATA_ENERGY(1.2),A,566,0129,GA,2022,1368.28,3,TN,A,25.8000000
UNSD:DF_UNDATA_ENERGY(1.2),A,566,0129,GA,2023,1054.21,3,TN,A,25.8000000
UNSD:DF_UNDATA_ENERGY(1.2),A,566,0129,NA,2020,960.38,3,TN,A,25.8000000
UNSD:DF_UNDATA_ENERGY(1.2),A,566,0129,NA,2021,1305.6,3,TN,A,25.8000000
UNSD:DF_UNDATA_ENERGY(1.2),A,566,0129,NA,2022,1368.28,3,TN,A,25.8000000
UNSD:DF_UNDATA_ENERGY(1.2),A,566,0129,NA,2023,1054.21,3,TN,A,25.8000000
UNSD:DF_UNDATA_ENERGY(1.2),A,566,3000,01,2020,1765480,0,TJ,A,1.0000000
UNSD:DF_UNDATA_ENERGY(1.2),A,566,3000,01,2021,1640395.385,0,TJ,A,1.0000000
UNSD:DF_UNDATA_ENERGY(1.2),A,566,3000,01,2022,1512553.393,0,TJ,A,1.0000000
UNSD:DF_UNDATA_ENERGY(1.2),A,566,3000,01,2023,1397163.255,0,TJ,A,1.0000000
UNSD:DF_UNDATA_ENERGY(1.2),A,566,3000,018,2020,2908405.09,0,TJ,A,1.0000000
UNSD:DF_UNDATA_ENERGY(1.2),A,566,3000,018,2021,2703054.278,0,TJ,A,1.0000000
UNSD:DF_UNDATA_ENERGY(1.2),A,566,3000,018,2022,2515002.883,0,TJ,A,1.0000000
UNSD:DF_UNDATA_ENERGY(1.2),A,566,3000,018,2023,2369428.44066,0,TJ,A,1.0000000
UNSD:DF_UNDATA_ENERGY(1.2),A,566,3000,04,2020,1048040,0,TJ,A,1.0000000
UNSD:DF_UNDATA_ENERGY(1.2),A,566,3000,04,2021,865640,0,TJ,A,1.0000000
UNSD:DF_UNDATA_ENERGY(1.2),A,566,3000,04,2022,741380,0,TJ,A,1.0000000
UNSD:DF_UNDATA_ENERGY(1.2),A,566,3000,04,2023,681720,0,TJ,A,1.0000000
UNSD:DF_UNDATA_ENERGY(1.2),A,566,3000,08,2020,343867.294,0,TJ,A,1.0000000
UNSD:DF_UNDATA_ENERGY(1.2),A,566,3000,08,2021,310597.29,0,TJ,A,1.0000000
UNSD:DF_UNDATA_ENERGY(1.2),A,566,3000,08,2022,325950.398,0,TJ,A,1.0000000
UNSD:DF_UNDATA_ENERGY(1.2),A,566,3000,08,2023,347793.055,0,TJ,A,1.0000000
UNSD:DF_UNDATA_ENERGY(1.2),A,566,3000,085GL,2020,20522.796,0,TJ,A,1.0000000
UNSD:DF_UNDATA_ENERGY(1.2),A,566,3000,085GL,2021,20466.723,0,TJ,A,1.0000000
UNSD:DF_UNDATA_ENERGY(1.2),A,566,3000,085GL,2022,20466.723,0,TJ,A,1.0000000
UNSD:DF_UNDATA_ENERGY(1.2),A,566,3000,085GL,2023,20466.723,0,TJ,A,1.0000000
UNSD:DF_UNDATA_ENERGY(1.2),A,566,3000,088,2020,323344.498,0,TJ,A,1.0000000
UNSD:DF_UNDATA_ENERGY(1.2),A,566,3000,088,2021,290130.567,0,TJ,A,1.0000000
UNSD:DF_UNDATA_ENERGY(1.2),A,566,3000,088,2022,305483.675,0,TJ,A,1.0000000
UNSD:DF_UNDATA_ENERGY(1.2),A,566,3000,088,2023,327326.332,0,TJ,A,1.0000000
UNSD:DF_UNDATA_ENERGY(1.2),A,566,3000,08811,2020,100985.715,0,TJ,A,1.0000000
UNSD:DF_UNDATA_ENERGY(1.2),A,566,3000,08811,2021,226730.108,0,TJ,A,1.0000000
UNSD:DF_UNDATA_ENERGY(1.2),A,566,3000,08811,2022,71338.08,0,TJ,A,1.0000000
UNSD:DF_UNDATA_ENERGY(1.2),A,566,3000,08811,2023,66515.016,0,TJ,A,1.0000000
UNSD:DF_UNDATA_ENERGY(1.2),A,566,3000,08812,2020,222358.783,0,TJ,A,1.0000000
UNSD:DF_UNDATA_ENERGY(1.2),A,566,3000,08812,2021,63400.459,0,TJ,A,1.0000000
UNSD:DF_UNDATA_ENERGY(1.2),A,566,3000,08812,2022,234145.595,0,TJ,A,1.0000000
UNSD:DF_UNDATA_ENERGY(1.2),A,566,3000,08812,2023,260811.316,0,TJ,A,1.0000000
UNSD:DF_UNDATA_ENERGY(1.2),A,566,3000,09,2020,230851.64299999998,0,TJ,A,1.0000000
UNSD:DF_UNDATA_ENERGY(1.2),A,566,3000,09,2021,206812.151,0,TJ,A,1.0000000
UNSD:DF_UNDATA_ENERGY(1.2),A,566,3000,09,2022,187438.638,0,TJ,A,1.0000000
UNSD:DF_UNDATA_ENERGY(1.2),A,566,3000,09,2023,178435.87600000002,0,TJ,A,1.0000000
UNSD:DF_UNDATA_ENERGY(1.2),A,566,3000,0912,2020,148872.81,0,TJ,A,1.0000000
UNSD:DF_UNDATA_ENERGY(1.2),A,566,3000,0912,2021,138325.141,0,TJ,A,1.0000000
UNSD:DF_UNDATA_ENERGY(1.2),A,566,3000,0912,2022,127544.959,0,TJ,A,1.0000000
UNSD:DF_UNDATA_ENERGY(1.2),A,566,3000,0912,2023,117814.77,0,TJ,A,1.0000000
UNSD:DF_UNDATA_ENERGY(1.2),A,566,3000,0925,2020,0,0,TJ,A,1.0000000
UNSD:DF_UNDATA_ENERGY(1.2),A,566,3000,0925,2021,1256.993,0,TJ,A,1.0000000
UNSD:DF_UNDATA_ENERGY(1.2),A,566,3000,0925,2022,2404.025,0,TJ,A,1.0000000
UNSD:DF_UNDATA_ENERGY(1.2),A,566,3000,0925,2023,3131.452,0,TJ,A,1.0000000
UNSD:DF_UNDATA_ENERGY(1.2),A,566,3000,0934,2020,81978.833,0,TJ,A,1.0000000
UNSD:DF_UNDATA_ENERGY(1.2),A,566,3000,0934,2021,67230.017,0,TJ,A,1.0000000
UNSD:DF_UNDATA_ENERGY(1.2),A,566,3000,0934,2022,57489.654,0,TJ,A,1.0000000
UNSD:DF_UNDATA_ENERGY(1.2),A,566,3000,0934,2023,57489.654,0,TJ,A,1.0000000
UNSD:DF_UNDATA_ENERGY(1.2),A,566,3000,103,2020,771054.9600000001,0,TJ,A,1.0000000
UNSD:DF_UNDATA_ENERGY(1.2),A,566,3000,103,2021,650480.0700000001,0,TJ,A,1.0000000
UNSD:DF_UNDATA_ENERGY(1.2),A,566,3000,103,2022,657503.85,0,TJ,A,1.0000000
UNSD:DF_UNDATA_ENERGY(1.2),A,566,3000,103,2023,583754.16,0,TJ,A,1.0000000
UNSD:DF_UNDATA_ENERGY(1.2),A,566,3000,104,2020,213444.87,0,TJ,A,1.0000000
UNSD:DF_UNDATA_ENERGY(1.2),A,566,3000,104,2021,279507.423,0,TJ,A,1.0000000
UNSD:DF_UNDATA_ENERGY(1.2),A,566,3000,104,2022,225931.59,0,TJ,A,1.0000000
UNSD:DF_UNDATA_ENERGY(1.2),A,566,3000,104,2023,225793.45566,0,TJ,A,1.0000000
UNSD:DF_UNDATA_ENERGY(1.2),A,566,3000,104A,2020,213444.87,0,TJ,A,1.0000000
UNSD:DF_UNDATA_ENERGY(1.2),A,566,3000,104A,2021,279507.423,0,TJ,A,1.0000000
UNSD:DF_UNDATA_ENERGY(1.2),A,566,3000,104A,2022,225931.59,0,TJ,A,1.0000000
UNSD:DF_UNDATA_ENERGY(1.2),A,566,3000,104A,2023,225793.45566,0,TJ,A,1.0000000
UNSD:DF_UNDATA_ENERGY(1.2),A,566,3000,105,2020,158425.25999999998,0,TJ,A,1.0000000
UNSD:DF_UNDATA_ENERGY(1.2),A,566,3000,105,2021,132671.4,0,TJ,A,1.0000000
UNSD:DF_UNDATA_ENERGY(1.2),A,566,3000,105,2022,119014.04999999999,0,TJ,A,1.0000000
UNSD:DF_UNDATA_ENERGY(1.2),A,566,3000,105,2023,162717.57,0,TJ,A,1.0000000
UNSD:DF_UNDATA_ENERGY(1.2),A,566,3000,11,2020,58570.76,0,TJ,A,1.0000000
UNSD:DF_UNDATA_ENERGY(1.2),A,566,3000,11,2021,72207.234,0,TJ,A,1.0000000
UNSD:DF_UNDATA_ENERGY(1.2),A,566,3000,11,2022,69310.048,0,TJ,A,1.0000000
UNSD:DF_UNDATA_ENERGY(1.2),A,566,3000,11,2023,73746.857,0,TJ,A,1.0000000
UNSD:DF_UNDATA_ENERGY(1.2),A,566,3000,12,2020,119537.02,0,TJ,A,1.0000000
UNSD:DF_UNDATA_ENERGY(1.2),A,566,3000,12,2021,133660.634,0,TJ,A,1.0000000
UNSD:DF_UNDATA_ENERGY(1.2),A,566,3000,12,2022,137287.43,0,TJ,A,1.0000000
UNSD:DF_UNDATA_ENERGY(1.2),A,566,3000,12,2023,130114.855,0,TJ,A,1.0000000
UNSD:DF_UNDATA_ENERGY(1.2),A,566,3000,121,2020,119532.97,0,TJ,A,1.0000000
UNSD:DF_UNDATA_ENERGY(1.2),A,566,3000,121,2021,133660.634,0,TJ,A,1.0000000
UNSD:DF_UNDATA_ENERGY(1.2),A,566,3000,121,2022,137281.75699999998,0,TJ,A,1.0000000
UNSD:DF_UNDATA_ENERGY(1.2),A,566,3000,121,2023,130108.30399999999,0,TJ,A,1.0000000
UNSD:DF_UNDATA_ENERGY(1.2),A,566,3000,1211,2020,20421.56,0,TJ,A,1.0000000
UNSD:DF_UNDATA_ENERGY(1.2),A,566,3000,1211,2021,13960.402,0,TJ,A,1.0000000
UNSD:DF_UNDATA_ENERGY(1.2),A,566,3000,1211,2022,23688.144,0,TJ,A,1.0000000
UNSD:DF_UNDATA_ENERGY(1.2),A,566,3000,1211,2023,23374.465,0,TJ,A,1.0000000
UNSD:DF_UNDATA_ENERGY(1.2),A,566,3000,1213,2020,18693.292,0,TJ,A,1.0000000
UNSD:DF_UNDATA_ENERGY(1.2),A,566,3000,1213,2021,23045.475,0,TJ,A,1.0000000
UNSD:DF_UNDATA_ENERGY(1.2),A,566,3000,1213,2022,22120.815,0,TJ,A,1.0000000
UNSD:DF_UNDATA_ENERGY(1.2),A,566,3000,1213,2023,23536.855,0,TJ,A,1.0000000
UNSD:DF_UNDATA_ENERGY(1.2),A,566,3000,1214,2020,80418.118,0,TJ,A,1.0000000
UNSD:DF_UNDATA_ENERGY(1.2),A,566,3000,1214,2021,96654.757,0,TJ,A,1.0000000
UNSD:DF_UNDATA_ENERGY(1.2),A,566,3000,1214,2022,91472.798,0,TJ,A,1.0000000
UNSD:DF_UNDATA_ENERGY(1.2),A,566,3000,1214,2023,83196.984,0,TJ,A,1.0000000
UNSD:DF_UNDATA_ENERGY(1.2),A,566,3000,1214B,2020,56966.196,0,TJ,A,1.0000000
UNSD:DF_UNDATA_ENERGY(1.2),A,566,3000,1214B,2022,52058.376,0,TJ,A,1.0000000
UNSD:DF_UNDATA_ENERGY(1.2),A,566,3000,1214B,2023,60161.382,0,TJ,A,1.0000000
UNSD:DF_UNDATA_ENERGY(1.2),A,566,3000,1214O,2020,23451.922,0,TJ,A,1.0000000
UNSD:DF_UNDATA_ENERGY(1.2),A,566,3000,1214O,2021,96654.757,0,TJ,A,1.0000000
UNSD:DF_UNDATA_ENERGY(1.2),A,566,3000,1214O,2022,39414.422,0,TJ,A,1.0000000
UNSD:DF_UNDATA_ENERGY(1.2),A,566,3000,1214O,2023,23035.602,0,TJ,A,1.0000000
UNSD:DF_UNDATA_ENERGY(1.2),A,566,3000,123,2020,4.05,0,TJ,A,1.0000000
UNSD:DF_UNDATA_ENERGY(1.2),A,566,3000,123,2022,5.673,0,TJ,A,1.0000000
UNSD:DF_UNDATA_ENERGY(1.2),A,566,3000,123,2023,6.551,0,TJ,A,1.0000000
UNSD:DF_UNDATA_ENERGY(1.2),A,566,3000,1231,2020,4.05,0,TJ,A,1.0000000
UNSD:DF_UNDATA_ENERGY(1.2),A,566,3000,1231,2022,5.673,0,TJ,A,1.0000000
UNSD:DF_UNDATA_ENERGY(1.2),A,566,3000,1231,2023,6.551,0,TJ,A,1.0000000
UNSD:DF_UNDATA_ENERGY(1.2),A,566,3000,GA,2020,717440,0,TJ,A,1.0000000
UNSD:DF_UNDATA_ENERGY(1.2),A,566,3000,GA,2021,774755.385,0,TJ,A,1.0000000
UNSD:DF_UNDATA_ENERGY(1.2),A,566,3000,GA,2022,771173.3929999999,0,TJ,A,1.0000000
UNSD:DF_UNDATA_ENERGY(1.2),A,566,3000,GA,2023,715443.2549999999,0,TJ,A,1.0000000
UNSD:DF_UNDATA_ENERGY(1.2),A,566,3000,NA,2020,178107.78000000003,0,TJ,A,1.0000000
UNSD:DF_UNDATA_ENERGY(1.2),A,566,3000,NA,2021,205867.868,0,TJ,A,1.0000000
UNSD:DF_UNDATA_ENERGY(1.2),A,566,3000,NA,2022,206597.478,0,TJ,A,1.0000000
UNSD:DF_UNDATA_ENERGY(1.2),A,566,3000,NA,2023,203861.71200000003,0,TJ,A,1.0000000
UNSD:DF_UNDATA_ENERGY(1.2),A,566,4100,01,2020,72049.867,3,TN,A,42.3000000
UNSD:DF_UNDATA_ENERGY(1.2),A,566,4100,01,2021,67625.9,3,TN,A,42.3000000
UNSD:DF_UNDATA_ENERGY(1.2),A,566,4100,01,2022,55626.667,3,TN,A,42.3000000
UNSD:DF_UNDATA_ENERGY(1.2),A,566,4100,01,2023,60042.133,3,TN,A,42.3000000
UNSD:DF_UNDATA_ENERGY(1.2),A,566,4100,04,2020,70559.6,3,TN,A,42.3000000
UNSD:DF_UNDATA_ENERGY(1.2),A,566,4100,04,2021,62768.7,3,TN,A,42.3000000
UNSD:DF_UNDATA_ENERGY(1.2),A,566,4100,04,2022,52174.8,3,TN,A,42.3000000
UNSD:DF_UNDATA_ENERGY(1.2),A,566,4100,04,2023,58601.6,3,TN,A,42.3000000
UNSD:DF_UNDATA_ENERGY(1.2),A,566,4100,06,2020,1490.267,3,TN,A,42.3000000
UNSD:DF_UNDATA_ENERGY(1.2),A,566,4100,06,2021,-561.2,3,TN,A,42.3000000
UNSD:DF_UNDATA_ENERGY(1.2),A,566,4100,06,2022,3134.4,3,TN,A,42.3000000
UNSD:DF_UNDATA_ENERGY(1.2),A,566,4100,06,2023,585.867,3,TN,A,42.3000000
UNSD:DF_UNDATA_ENERGY(1.2),A,566,4100,08,2020,0,3,TN,A,42.3000000
UNSD:DF_UNDATA_ENERGY(1.2),A,566,4100,08,2021,230.3,3,TN,A,42.3000000
UNSD:DF_UNDATA_ENERGY(1.2),A,566,4100,08,2022,263.928,3,TN,A,42.3000000
UNSD:DF_UNDATA_ENERGY(1.2),A,566,4100,08,2023,343.789,3,TN,A,42.3000000
UNSD:DF_UNDATA_ENERGY(1.2),A,566,4100,086,2020,0,3,TN,A,42.3000000
UNSD:DF_UNDATA_ENERGY(1.2),A,566,4100,086,2021,230.3,3,TN,A,42.3000000
UNSD:DF_UNDATA_ENERGY(1.2),A,566,4100,086,2022,263.928,3,TN,A,42.3000000
UNSD:DF_UNDATA_ENERGY(1.2),A,566,4100,086,2023,343.789,3,TN,A,42.3000000
UNSD:DF_UNDATA_ENERGY(1.2),A,566,4100,101,2020,0,3,TN,A,42.3000000
UNSD:DF_UNDATA_ENERGY(1.2),A,566,4100,101,2021,0,3,TN,A,42.3000000
UNSD:DF_UNDATA_ENERGY(1.2),A,566,4100,101,2022,0,3,TN,A,42.3000000
UNSD:DF_UNDATA_ENERGY(1.2),A,566,4100,131,2020,10471,3,TN,A,
UNSD:DF_UNDATA_ENERGY(1.2),A,566,4100,131,2021,10471,3,TN,E,
UNSD:DF_UNDATA_ENERGY(1.2),A,566,4100,131,2022,10471,3,TN,E,
UNSD:DF_UNDATA_ENERGY(1.2),A,566,4100,131,2023,10471,3,TN,E,
UNSD:DF_UNDATA_ENERGY(1.2),A,566,4100,161,2020,4978408,3,TN,A,42.3000000
UNSD:DF_UNDATA_ENERGY(1.2),A,566,4100,161,2021,4978408,3,TN,A,42.3000000
UNSD:DF_UNDATA_ENERGY(1.2),A,566,4100,161,2022,4978408,3,TN,A,42.3000000
UNSD:DF_UNDATA_ENERGY(1.2),A,566,4100,161,2023,5102000,3,TN,A,42.3000000
UNSD:DF_UNDATA_ENERGY(1.2),A,566,4100,GA,2020,-7.503331289626658E-12,3,TN,A,42.3000000
UNSD:DF_UNDATA_ENERGY(1.2),A,566,4100,GA,2021,5418.399999999997,3,TN,A,42.3000000
UNSD:DF_UNDATA_ENERGY(1.2),A,566,4100,GA,2022,317.4669999999983,3,TN,A,42.3000000
UNSD:DF_UNDATA_ENERGY(1.2),A,566,4100,GA,2023,854.6660000000047,3,TN,A,42.3000000
UNSD:DF_UNDATA_ENERGY(1.2),A,566,4200,01,2020,5313.585,3,TN,A,44.2000000
UNSD:DF_UNDATA_ENERGY(1.2),A,566,4200,01,2021,5034.335,3,TN,A,44.2000000
UNSD:DF_UNDATA_ENERGY(1.2),A,566,4200,01,2022,4144.201,3,TN,A,44.2000000
UNSD:DF_UNDATA_ENERGY(1.2),A,566,4200,01,2023,3990.503,3,TN,A,44.2000000
UNSD:DF_UNDATA_ENERGY(1.2),A,566,4200,04,2020,4969.245,3,TN,A,44.2000000
UNSD:DF_UNDATA_ENERGY(1.2),A,566,4200,04,2021,4708.091,3,TN,A,44.2000000
UNSD:DF_UNDATA_ENERGY(1.2),A,566,4200,04,2022,3875.641,3,TN,A,44.2000000
UNSD:DF_UNDATA_ENERGY(1.2),A,566,4200,04,2023,3731.903,3,TN,A,44.2000000
UNSD:DF_UNDATA_ENERGY(1.2),A,566,4200,06,2020,276.838,3,TN,A,44.2000000
UNSD:DF_UNDATA_ENERGY(1.2),A,566,4200,06,2021,262.289,3,TN,A,44.2000000
UNSD:DF_UNDATA_ENERGY(1.2),A,566,4200,06,2022,215.913,3,TN,A,44.2000000
UNSD:DF_UNDATA_ENERGY(1.2),A,566,4200,06,2023,207.905,3,TN,A,44.2000000
UNSD:DF_UNDATA_ENERGY(1.2),A,566,4200,08,2020,136.293,3,TN,A,44.2000000
UNSD:DF_UNDATA_ENERGY(1.2),A,566,4200,08,2021,405.862,3,TN,A,44.2000000
UNSD:DF_UNDATA_ENERGY(1.2),A,566,4200,08,2022,405.948,3,TN,A,44.2000000
UNSD:DF_UNDATA_ENERGY(1.2),A,566,4200,08,2023,513.793,3,TN,A,44.2000000
UNSD:DF_UNDATA_ENERGY(1.2),A,566,4200,089,2020,136.293,3,TN,A,44.2000000
UNSD:DF_UNDATA_ENERGY(1.2),A,566,4200,089,2021,405.862,3,TN,A,44.2000000
UNSD:DF_UNDATA_ENERGY(1.2),A,566,4200,089,2022,405.948,3,TN,A,44.2000000
UNSD:DF_UNDATA_ENERGY(1.2),A,566,4200,089,2023,513.793,3,TN,A,44.2000000
UNSD:DF_UNDATA_ENERGY(1.2),A,566,4200,GA,2020,67.50200000000041,3,TN,A,44.2000000
UNSD:DF_UNDATA_ENERGY(1.2),A,566,4200,GA,2021,63.95499999999993,3,TN,A,44.2000000
UNSD:DF_UNDATA_ENERGY(1.2),A,566,4200,GA,2022,52.646999999999935,3,TN,A,44.2000000
UNSD:DF_UNDATA_ENERGY(1.2),A,566,4200,GA,2023,50.695000000000164,3,TN,A,44.2000000
UNSD:DF_UNDATA_ENERGY(1.2),A,566,4300,07,2020,0,3,TN,A,43.0000000
UNSD:DF_UNDATA_ENERGY(1.2),A,566,4300,08,2020,0,3,TN,A,43.0000000
UNSD:DF_UNDATA_ENERGY(1.2),A,566,4300,086,2020,0,3,TN,A,43.0000000
UNSD:DF_UNDATA_ENERGY(1.2),A,566,4500,022,2020,200.973,3,TN,A,36.0000000
UNSD:DF_UNDATA_ENERGY(1.2),A,566,4500,022,2021,200.424,3,TN,A,36.0000000
UNSD:DF_UNDATA_ENERGY(1.2),A,566,4500,022,2022,200.424,3,TN,A,36.0000000
UNSD:DF_UNDATA_ENERGY(1.2),A,566,4500,022,2023,200.424,3,TN,A,36.0000000
UNSD:DF_UNDATA_ENERGY(1.2),A,566,4500,07,2020,200.973,3,TN,A,36.0000000
UNSD:DF_UNDATA_ENERGY(1.2),A,566,4500,07,2021,200.424,3,TN,A,36.0000000
UNSD:DF_UNDATA_ENERGY(1.2),A,566,4500,07,2022,200.424,3,TN,A,36.0000000
UNSD:DF_UNDATA_ENERGY(1.2),A,566,4500,07,2023,200.424,3,TN,A,36.0000000
UNSD:DF_UNDATA_ENERGY(1.2),A,566,4500,GA,2020,200.973,3,TN,A,36.0000000
UNSD:DF_UNDATA_ENERGY(1.2),A,566,4500,GA,2021,200.424,3,TN,A,36.0000000
UNSD:DF_UNDATA_ENERGY(1.2),A,566,4500,GA,2022,200.424,3,TN,A,36.0000000
UNSD:DF_UNDATA_ENERGY(1.2),A,566,4500,GA,2023,200.424,3,TN,A,36.0000000
UNSD:DF_UNDATA_ENERGY(1.2),A,566,4610,01,2020,0,3,TN,A,49.5000000
UNSD:DF_UNDATA_ENERGY(1.2),A,566,4610,013,2020,0,3,TN,A,49.5000000
UNSD:DF_UNDATA_ENERGY(1.2),A,566,4610,09,2020,0,3,TN,A,49.5000000
UNSD:DF_UNDATA_ENERGY(1.2),A,566,4610,0925,2020,0,3,TN,A,49.5000000
UNSD:DF_UNDATA_ENERGY(1.2),A,566,4610,101,2020,0,3,TN,A,49.5000000
UNSD:DF_UNDATA_ENERGY(1.2),A,566,4610,GA,2020,0,3,TN,A,49.5000000
UNSD:DF_UNDATA_ENERGY(1.2),A,566,4630,01,2020,136.293,3,TN,A,47.3000000
UNSD:DF_UNDATA_ENERGY(1.2),A,566,4630,01,2021,405.862,3,TN,A,47.3000000
UNSD:DF_UNDATA_ENERGY(1.2),A,566,4630,01,2022,405.948,3,TN,A,47.3000000
UNSD:DF_UNDATA_ENERGY(1.2),A,566,4630,01,2023,513.793,3,TN,A,47.3000000
UNSD:DF_UNDATA_ENERGY(1.2),A,566,4630,013,2020,0,3,TN,A,47.3000000
UNSD:DF_UNDATA_ENERGY(1.2),A,566,4630,014,2020,136.293,3,TN,A,47.3000000
UNSD:DF_UNDATA_ENERGY(1.2),A,566,4630,014,2021,405.862,3,TN,A,47.3000000
UNSD:DF_UNDATA_ENERGY(1.2),A,566,4630,014,2022,405.948,3,TN,A,47.3000000
UNSD:DF_UNDATA_ENERGY(1.2),A,566,4630,014,2023,513.793,3,TN,A,47.3000000
UNSD:DF_UNDATA_ENERGY(1.2),A,566,4630,03,2020,563.879,3,TN,A,47.3000000
UNSD:DF_UNDATA_ENERGY(1.2),A,566,4630,03,2021,415.69,3,TN,A,47.3000000
UNSD:DF_UNDATA_ENERGY(1.2),A,566,4630,03,2022,320.603,3,TN,A,47.3000000
UNSD:DF_UNDATA_ENERGY(1.2),A,566,4630,03,2023,528.88,3,TN,A,47.3000000
UNSD:DF_UNDATA_ENERGY(1.2),A,566,4630,06,2020,5.345,3,TN,A,47.3000000
UNSD:DF_UNDATA_ENERGY(1.2),A,566,4630,06,2021,14.138,3,TN,A,47.3000000
UNSD:DF_UNDATA_ENERGY(1.2),A,566,4630,06,2022,17.845,3,TN,A,47.3000000
UNSD:DF_UNDATA_ENERGY(1.2),A,566,4630,06,2023,-31.379,3,TN,A,47.3000000
UNSD:DF_UNDATA_ENERGY(1.2),A,566,4630,09,2020,0,3,TN,A,47.3000000
UNSD:DF_UNDATA_ENERGY(1.2),A,566,4630,0925,2020,0,3,TN,A,47.3000000
UNSD:DF_UNDATA_ENERGY(1.2),A,566,4630,12,2020,691.638,3,TN,A,47.3000000
UNSD:DF_UNDATA_ENERGY(1.2),A,566,4630,12,2021,816.8100000000001,3,TN,A,47.3000000
UNSD:DF_UNDATA_ENERGY(1.2),A,566,4630,12,2022,704.655,3,TN,A,47.3000000
UNSD:DF_UNDATA_ENERGY(1.2),A,566,4630,12,2023,1070.0859999999998,3,TN,A,47.3000000
UNSD:DF_UNDATA_ENERGY(1.2),A,566,4630,121,2020,2.791,3,TN,A,47.3000000
UNSD:DF_UNDATA_ENERGY(1.2),A,566,4630,121,2021,2.893,3,TN,A,47.3000000
UNSD:DF_UNDATA_ENERGY(1.2),A,566,4630,121,2022,2.987,3,TN,A,47.3000000
UNSD:DF_UNDATA_ENERGY(1.2),A,566,4630,121,2023,3.072,3,TN,A,47.3000000
UNSD:DF_UNDATA_ENERGY(1.2),A,566,4630,1214,2020,2.791,3,TN,A,47.3000000
UNSD:DF_UNDATA_ENERGY(1.2),A,566,4630,1214,2021,2.893,3,TN,A,47.3000000
UNSD:DF_UNDATA_ENERGY(1.2),A,566,4630,1214,2022,2.987,3,TN,A,47.3000000
UNSD:DF_UNDATA_ENERGY(1.2),A,566,4630,1214,2023,3.072,3,TN,A,47.3000000
UNSD:DF_UNDATA_ENERGY(1.2),A,566,4630,1214O,2020,2.791,3,TN,A,47.3000000
UNSD:DF_UNDATA_ENERGY(1.2),A,566,4630,1214O,2021,2.893,3,TN,A,47.3000000
UNSD:DF_UNDATA_ENERGY(1.2),A,566,4630,1214O,2022,2.987,3,TN,A,47.3000000
UNSD:DF_UNDATA_ENERGY(1.2),A,566,4630,1214O,2023,3.072,3,TN,A,47.3000000
UNSD:DF_UNDATA_ENERGY(1.2),A,566,4630,123,2020,688.847,3,TN,A,47.3000000
UNSD:DF_UNDATA_ENERGY(1.2),A,566,4630,123,2021,813.917,3,TN,A,47.3000000
UNSD:DF_UNDATA_ENERGY(1.2),A,566,4630,123,2022,701.668,3,TN,A,47.3000000
UNSD:DF_UNDATA_ENERGY(1.2),A,566,4630,123,2023,1067.014,3,TN,A,47.3000000
UNSD:DF_UNDATA_ENERGY(1.2),A,566,4630,1231,2020,688.847,3,TN,A,47.3000000
UNSD:DF_UNDATA_ENERGY(1.2),A,566,4630,1231,2021,813.917,3,TN,A,47.3000000
UNSD:DF_UNDATA_ENERGY(1.2),A,566,4630,1231,2022,701.668,3,TN,A,47.3000000
UNSD:DF_UNDATA_ENERGY(1.2),A,566,4630,1231,2023,1067.014,3,TN,A,47.3000000
UNSD:DF_UNDATA_ENERGY(1.2),A,566,4630,GA,2020,694.827,3,TN,A,47.3000000
UNSD:DF_UNDATA_ENERGY(1.2),A,566,4630,GA,2021,807.414,3,TN,A,47.3000000
UNSD:DF_UNDATA_ENERGY(1.2),A,566,4630,GA,2022,708.706,3,TN,A,47.3000000
UNSD:DF_UNDATA_ENERGY(1.2),A,566,4630,GA,2023,1074.052,3,TN,A,47.3000000
UNSD:DF_UNDATA_ENERGY(1.2),A,566,4630,NA,2020,691.638,3,TN,A,47.3000000
UNSD:DF_UNDATA_ENERGY(1.2),A,566,4630,NA,2021,816.8100000000001,3,TN,A,47.3000000
UNSD:DF_UNDATA_ENERGY(1.2),A,566,4630,NA,2022,704.655,3,TN,A,47.3000000
UNSD:DF_UNDATA_ENERGY(1.2),A,566,4630,NA,2023,1070.0859999999998,3,TN,A,47.3000000
UNSD:DF_UNDATA_ENERGY(1.2),A,566,4640,01,2020,0,3,TN,A,44.5000000
UNSD:DF_UNDATA_ENERGY(1.2),A,566,4640,013,2020,0,3,TN,A,44.5000000
UNSD:DF_UNDATA_ENERGY(1.2),A,566,4640,04,2020,0,3,TN,A,44.5000000
UNSD:DF_UNDATA_ENERGY(1.2),A,566,4640,GA,2020,0,3,TN,A,44.5000000
UNSD:DF_UNDATA_ENERGY(1.2),A,566,4652,01,2020,0,3,TN,A,44.3000000
UNSD:DF_UNDATA_ENERGY(1.2),A,566,4652,013,2020,0,3,TN,A,44.3000000
UNSD:DF_UNDATA_ENERGY(1.2),A,566,4652,03,2020,14628.706,3,TN,A,44.3000000
UNSD:DF_UNDATA_ENERGY(1.2),A,566,4652,03,2021,16338.706,3,TN,A,44.3000000
UNSD:DF_UNDATA_ENERGY(1.2),A,566,4652,03,2022,17447.647,3,TN,A,44.3000000
UNSD:DF_UNDATA_ENERGY(1.2),A,566,4652,03,2023,15062.941,3,TN,A,44.3000000
UNSD:DF_UNDATA_ENERGY(1.2),A,566,4652,06,2020,201.177,3,TN,A,44.3000000
UNSD:DF_UNDATA_ENERGY(1.2),A,566,4652,06,2021,140.824,3,TN,A,44.3000000
UNSD:DF_UNDATA_ENERGY(1.2),A,566,4652,06,2022,140.941,3,TN,A,44.3000000
UNSD:DF_UNDATA_ENERGY(1.2),A,566,4652,06,2023,-77.412,3,TN,A,44.3000000
UNSD:DF_UNDATA_ENERGY(1.2),A,566,4652,12,2020,12766.012,3,TN,A,44.3000000
UNSD:DF_UNDATA_ENERGY(1.2),A,566,4652,12,2021,14332.486,3,TN,A,44.3000000
UNSD:DF_UNDATA_ENERGY(1.2),A,566,4652,12,2022,15313.615,3,TN,A,44.3000000
UNSD:DF_UNDATA_ENERGY(1.2),A,566,4652,12,2023,13396.746,3,TN,A,44.3000000
UNSD:DF_UNDATA_ENERGY(1.2),A,566,4652,122,2020,12766.012,3,TN,A,44.3000000
UNSD:DF_UNDATA_ENERGY(1.2),A,566,4652,122,2021,14332.486,3,TN,A,44.3000000
UNSD:DF_UNDATA_ENERGY(1.2),A,566,4652,122,2022,15313.615,3,TN,A,44.3000000
UNSD:DF_UNDATA_ENERGY(1.2),A,566,4652,122,2023,13396.746,3,TN,A,44.3000000
UNSD:DF_UNDATA_ENERGY(1.2),A,566,4652,1221,2020,12766.012,3,TN,A,44.3000000
UNSD:DF_UNDATA_ENERGY(1.2),A,566,4652,1221,2021,14332.486,3,TN,A,44.3000000
UNSD:DF_UNDATA_ENERGY(1.2),A,566,4652,1221,2022,15313.615,3,TN,A,44.3000000
UNSD:DF_UNDATA_ENERGY(1.2),A,566,4652,1221,2023,13396.746,3,TN,A,44.3000000
UNSD:DF_UNDATA_ENERGY(1.2),A,566,4652,GA,2020,14427.529,3,TN,A,44.3000000
UNSD:DF_UNDATA_ENERGY(1.2),A,566,4652,GA,2021,16197.882,3,TN,A,44.3000000
UNSD:DF_UNDATA_ENERGY(1.2),A,566,4652,GA,2022,17306.706000000002,3,TN,A,44.3000000
UNSD:DF_UNDATA_ENERGY(1.2),A,566,4652,GA,2023,15140.353000000001,3,TN,A,44.3000000
UNSD:DF_UNDATA_ENERGY(1.2),A,566,4652,NA,2020,12766.012,3,TN,A,44.3000000
UNSD:DF_UNDATA_ENERGY(1.2),A,566,4652,NA,2021,14332.486,3,TN,A,44.3000000
UNSD:DF_UNDATA_ENERGY(1.2),A,566,4652,NA,2022,15313.615,3,TN,A,44.3000000
UNSD:DF_UNDATA_ENERGY(1.2),A,566,4652,NA,2023,13396.746,3,TN,A,44.3000000
UNSD:DF_UNDATA_ENERGY(1.2),A,566,4661,01,2020,0,3,TN,A,44.1000000
UNSD:DF_UNDATA_ENERGY(1.2),A,566,4661,01,2021,1.076,3,TN,A,44.1000000
UNSD:DF_UNDATA_ENERGY(1.2),A,566,4661,01,2022,4.038,3,TN,A,44.1000000
UNSD:DF_UNDATA_ENERGY(1.2),A,566,4661,01,2023,5.138,3,TN,A,44.1000000
UNSD:DF_UNDATA_ENERGY(1.2),A,566,4661,013,2020,0,3,TN,A,44.1000000
UNSD:DF_UNDATA_ENERGY(1.2),A,566,4661,013,2021,1.076,3,TN,A,44.1000000
UNSD:DF_UNDATA_ENERGY(1.2),A,566,4661,013,2022,4.038,3,TN,A,44.1000000
UNSD:DF_UNDATA_ENERGY(1.2),A,566,4661,013,2023,5.138,3,TN,A,44.1000000
UNSD:DF_UNDATA_ENERGY(1.2),A,566,4661,03,2020,416.048,3,TN,A,44.1000000
UNSD:DF_UNDATA_ENERGY(1.2),A,566,4661,03,2021,499.094,3,TN,A,44.1000000
UNSD:DF_UNDATA_ENERGY(1.2),A,566,4661,03,2022,784.917,3,TN,A,44.1000000
UNSD:DF_UNDATA_ENERGY(1.2),A,566,4661,03,2023,794.803,3,TN,A,44.1000000
UNSD:DF_UNDATA_ENERGY(1.2),A,566,4661,052,2020,304.048,3,TN,A,44.1000000
UNSD:DF_UNDATA_ENERGY(1.2),A,566,4661,052,2021,456.462,3,TN,A,44.1000000
UNSD:DF_UNDATA_ENERGY(1.2),A,566,4661,052,2022,591.275,3,TN,A,44.1000000
UNSD:DF_UNDATA_ENERGY(1.2),A,566,4661,052,2023,580.417,3,TN,A,44.1000000
UNSD:DF_UNDATA_ENERGY(1.2),A,566,4661,12,2020,112,3,TN,A,44.1000000
UNSD:DF_UNDATA_ENERGY(1.2),A,566,4661,12,2021,42.632,3,TN,A,44.1000000
UNSD:DF_UNDATA_ENERGY(1.2),A,566,4661,12,2022,193.642,3,TN,A,44.1000000
UNSD:DF_UNDATA_ENERGY(1.2),A,566,4661,12,2023,214.386,3,TN,A,44.1000000
UNSD:DF_UNDATA_ENERGY(1.2),A,566,4661,122,2020,112,3,TN,A,44.1000000
UNSD:DF_UNDATA_ENERGY(1.2),A,566,4661,122,2021,42.632,3,TN,A,44.1000000
UNSD:DF_UNDATA_ENERGY(1.2),A,566,4661,122,2022,193.642,3,TN,A,44.1000000
UNSD:DF_UNDATA_ENERGY(1.2),A,566,4661,122,2023,214.386,3,TN,A,44.1000000
UNSD:DF_UNDATA_ENERGY(1.2),A,566,4661,1223,2020,112,3,TN,A,44.1000000
UNSD:DF_UNDATA_ENERGY(1.2),A,566,4661,1223,2021,42.632,3,TN,A,44.1000000
UNSD:DF_UNDATA_ENERGY(1.2),A,566,4661,1223,2022,193.642,3,TN,A,44.1000000
UNSD:DF_UNDATA_ENERGY(1.2),A,566,4661,1223,2023,214.386,3,TN,A,44.1000000
UNSD:DF_UNDATA_ENERGY(1.2),A,566,4661,GA,2020,112,3,TN,A,44.1000000
UNSD:DF_UNDATA_ENERGY(1.2),A,566,4661,GA,2021,43.70800000000003,3,TN,A,44.1000000
UNSD:DF_UNDATA_ENERGY(1.2),A,566,4661,GA,2022,197.68000000000006,3,TN,A,44.1000000
UNSD:DF_UNDATA_ENERGY(1.2),A,566,4661,GA,2023,219.52399999999997,3,TN,A,44.1000000
UNSD:DF_UNDATA_ENERGY(1.2),A,566,4661,NA,2020,112,3,TN,A,44.1000000
UNSD:DF_UNDATA_ENERGY(1.2),A,566,4661,NA,2021,42.632,3,TN,A,44.1000000
UNSD:DF_UNDATA_ENERGY(1.2),A,566,4661,NA,2022,193.642,3,TN,A,44.1000000
UNSD:DF_UNDATA_ENERGY(1.2),A,566,4661,NA,2023,214.386,3,TN,A,44.1000000
UNSD:DF_UNDATA_ENERGY(1.2),A,566,4669,01,2020,0,3,TN,A,43.8000000
UNSD:DF_UNDATA_ENERGY(1.2),A,566,4669,01,2021,20.967,3,TN,E,43.8000000
UNSD:DF_UNDATA_ENERGY(1.2),A,566,4669,01,2022,23.773,3,TN,A,43.8000000
UNSD:DF_UNDATA_ENERGY(1.2),A,566,4669,01,2023,61.593,3,TN,A,43.8000000
UNSD:DF_UNDATA_ENERGY(1.2),A,566,4669,013,2020,0,3,TN,A,43.8000000
UNSD:DF_UNDATA_ENERGY(1.2),A,566,4669,013,2021,20.967,3,TN,E,43.8000000
UNSD:DF_UNDATA_ENERGY(1.2),A,566,4669,013,2022,23.773,3,TN,A,43.8000000
UNSD:DF_UNDATA_ENERGY(1.2),A,566,4669,013,2023,61.593,3,TN,A,43.8000000
UNSD:DF_UNDATA_ENERGY(1.2),A,566,4669,03,2020,725.47,3,TN,A,43.8000000
UNSD:DF_UNDATA_ENERGY(1.2),A,566,4669,03,2021,732.222,3,TN,A,43.8000000
UNSD:DF_UNDATA_ENERGY(1.2),A,566,4669,03,2022,740.84,3,TN,A,43.8000000
UNSD:DF_UNDATA_ENERGY(1.2),A,566,4669,03,2023,722.254,3,TN,A,43.8000000
UNSD:DF_UNDATA_ENERGY(1.2),A,566,4669,12,2020,725.47,3,TN,A,43.8000000
UNSD:DF_UNDATA_ENERGY(1.2),A,566,4669,12,2021,745.189,3,TN,A,43.8000000
UNSD:DF_UNDATA_ENERGY(1.2),A,566,4669,12,2022,764.613,3,TN,A,43.8000000
UNSD:DF_UNDATA_ENERGY(1.2),A,566,4669,12,2023,783.847,3,TN,A,43.8000000
UNSD:DF_UNDATA_ENERGY(1.2),A,566,4669,123,2020,725.47,3,TN,A,43.8000000
UNSD:DF_UNDATA_ENERGY(1.2),A,566,4669,123,2021,745.189,3,TN,A,43.8000000
UNSD:DF_UNDATA_ENERGY(1.2),A,566,4669,123,2022,764.613,3,TN,A,43.8000000
UNSD:DF_UNDATA_ENERGY(1.2),A,566,4669,123,2023,783.847,3,TN,A,43.8000000
UNSD:DF_UNDATA_ENERGY(1.2),A,566,4669,1231,2020,556.518,3,TN,A,43.8000000
UNSD:DF_UNDATA_ENERGY(1.2),A,566,4669,1231,2021,570.073,3,TN,A,43.8000000
UNSD:DF_UNDATA_ENERGY(1.2),A,566,4669,1231,2022,583.804,3,TN,A,43.8000000
UNSD:DF_UNDATA_ENERGY(1.2),A,566,4669,1231,2023,597.866,3,TN,A,43.8000000
UNSD:DF_UNDATA_ENERGY(1.2),A,566,4669,1234,2020,167.921,3,TN,A,43.8000000
UNSD:DF_UNDATA_ENERGY(1.2),A,566,4669,1234,2021,174.047,3,TN,A,43.8000000
UNSD:DF_UNDATA_ENERGY(1.2),A,566,4669,1234,2022,179.705,3,TN,A,43.8000000
UNSD:DF_UNDATA_ENERGY(1.2),A,566,4669,1234,2023,184.845,3,TN,A,43.8000000
UNSD:DF_UNDATA_ENERGY(1.2),A,566,4669,1235,2020,1.031,3,TN,A,43.8000000
UNSD:DF_UNDATA_ENERGY(1.2),A,566,4669,1235,2021,1.069,3,TN,A,43.8000000
UNSD:DF_UNDATA_ENERGY(1.2),A,566,4669,1235,2022,1.104,3,TN,A,43.8000000
UNSD:DF_UNDATA_ENERGY(1.2),A,566,4669,1235,2023,1.136,3,TN,A,43.8000000
UNSD:DF_UNDATA_ENERGY(1.2),A,566,4669,GA,2020,725.47,3,TN,A,43.8000000
UNSD:DF_UNDATA_ENERGY(1.2),A,566,4669,GA,2021,753.189,3,TN,A,43.8000000
UNSD:DF_UNDATA_ENERGY(1.2),A,566,4669,GA,2022,764.613,3,TN,A,43.8000000
UNSD:DF_UNDATA_ENERGY(1.2),A,566,4669,GA,2023,783.847,3,TN,A,43.8000000
UNSD:DF_UNDATA_ENERGY(1.2),A,566,4669,NA,2020,725.47,3,TN,A,43.8000000
UNSD:DF_UNDATA_ENERGY(1.2),A,566,4669,NA,2021,745.189,3,TN,A,43.8000000
UNSD:DF_UNDATA_ENERGY(1.2),A,566,4669,NA,2022,764.613,3,TN,A,43.8000000
UNSD:DF_UNDATA_ENERGY(1.2),A,566,4669,NA,2023,783.847,3,TN,A,43.8000000
UNSD:DF_UNDATA_ENERGY(1.2),A,566,4670,01,2020,0,3,TN,A,43.0000000
UNSD:DF_UNDATA_ENERGY(1.2),A,566,4670,01,2021,91.757,3,TN,E,43.0000000
UNSD:DF_UNDATA_ENERGY(1.2),A,566,4670,01,2022,90.27,3,TN,A,43.0000000
UNSD:DF_UNDATA_ENERGY(1.2),A,566,4670,01,2023,94.46,3,TN,A,43.0000000
UNSD:DF_UNDATA_ENERGY(1.2),A,566,4670,013,2020,0,3,TN,A,43.0000000
UNSD:DF_UNDATA_ENERGY(1.2),A,566,4670,013,2021,91.757,3,TN,E,43.0000000
UNSD:DF_UNDATA_ENERGY(1.2),A,566,4670,013,2022,90.27,3,TN,A,43.0000000
UNSD:DF_UNDATA_ENERGY(1.2),A,566,4670,013,2023,94.46,3,TN,A,43.0000000
UNSD:DF_UNDATA_ENERGY(1.2),A,566,4670,03,2020,4786.622,3,TN,A,43.0000000
UNSD:DF_UNDATA_ENERGY(1.2),A,566,4670,03,2021,3786.216,3,TN,A,43.0000000
UNSD:DF_UNDATA_ENERGY(1.2),A,566,4670,03,2022,3389.054,3,TN,A,43.0000000
UNSD:DF_UNDATA_ENERGY(1.2),A,566,4670,03,2023,4199.054,3,TN,A,43.0000000
UNSD:DF_UNDATA_ENERGY(1.2),A,566,4670,051,2020,79.755,3,TN,A,43.0000000
UNSD:DF_UNDATA_ENERGY(1.2),A,566,4670,051,2021,66.198,3,TN,A,43.0000000
UNSD:DF_UNDATA_ENERGY(1.2),A,566,4670,051,2022,58.974,3,TN,A,43.0000000
UNSD:DF_UNDATA_ENERGY(1.2),A,566,4670,051,2023,66.239,3,TN,A,43.0000000
UNSD:DF_UNDATA_ENERGY(1.2),A,566,4670,07,2020,-200.973,3,TN,A,43.0000000
UNSD:DF_UNDATA_ENERGY(1.2),A,566,4670,07,2021,-200.424,3,TN,A,43.0000000
UNSD:DF_UNDATA_ENERGY(1.2),A,566,4670,07,2022,-200.424,3,TN,A,43.0000000
UNSD:DF_UNDATA_ENERGY(1.2),A,566,4670,07,2023,-200.424,3,TN,A,43.0000000
UNSD:DF_UNDATA_ENERGY(1.2),A,566,4670,09,2020,0,3,TN,A,43.0000000
UNSD:DF_UNDATA_ENERGY(1.2),A,566,4670,0925,2020,0,3,TN,A,43.0000000
UNSD:DF_UNDATA_ENERGY(1.2),A,566,4670,12,2020,3364.303,3,TN,A,43.0000000
UNSD:DF_UNDATA_ENERGY(1.2),A,566,4670,12,2021,3930.5860000000002,3,TN,A,43.0000000
UNSD:DF_UNDATA_ENERGY(1.2),A,566,4670,12,2022,4066.382,3,TN,A,43.0000000
UNSD:DF_UNDATA_ENERGY(1.2),A,566,4670,12,2023,4158.485,3,TN,A,43.0000000
UNSD:DF_UNDATA_ENERGY(1.2),A,566,4670,121,2020,4.991,3,TN,A,43.0000000
UNSD:DF_UNDATA_ENERGY(1.2),A,566,4670,121,2021,5.158,3,TN,A,43.0000000
UNSD:DF_UNDATA_ENERGY(1.2),A,566,4670,121,2022,5.284,3,TN,A,43.0000000
UNSD:DF_UNDATA_ENERGY(1.2),A,566,4670,121,2023,5.358,3,TN,A,43.0000000
UNSD:DF_UNDATA_ENERGY(1.2),A,566,4670,1214,2020,4.991,3,TN,A,43.0000000
UNSD:DF_UNDATA_ENERGY(1.2),A,566,4670,1214,2021,5.158,3,TN,A,43.0000000
UNSD:DF_UNDATA_ENERGY(1.2),A,566,4670,1214,2022,5.284,3,TN,A,43.0000000
UNSD:DF_UNDATA_ENERGY(1.2),A,566,4670,1214,2023,5.358,3,TN,A,43.0000000
UNSD:DF_UNDATA_ENERGY(1.2),A,566,4670,1214O,2020,4.991,3,TN,A,43.0000000
UNSD:DF_UNDATA_ENERGY(1.2),A,566,4670,1214O,2021,5.158,3,TN,A,43.0000000
UNSD:DF_UNDATA_ENERGY(1.2),A,566,4670,1214O,2022,5.284,3,TN,A,43.0000000
UNSD:DF_UNDATA_ENERGY(1.2),A,566,4670,1214O,2023,5.358,3,TN,A,43.0000000
UNSD:DF_UNDATA_ENERGY(1.2),A,566,4670,122,2020,3354.892,3,TN,A,43.0000000
UNSD:DF_UNDATA_ENERGY(1.2),A,566,4670,122,2021,3920.914,3,TN,A,43.0000000
UNSD:DF_UNDATA_ENERGY(1.2),A,566,4670,122,2022,4056.499,3,TN,A,43.0000000
UNSD:DF_UNDATA_ENERGY(1.2),A,566,4670,122,2023,4148.476,3,TN,A,43.0000000
UNSD:DF_UNDATA_ENERGY(1.2),A,566,4670,1221,2020,3254.163,3,TN,A,43.0000000
UNSD:DF_UNDATA_ENERGY(1.2),A,566,4670,1221,2021,3811.452,3,TN,A,43.0000000
UNSD:DF_UNDATA_ENERGY(1.2),A,566,4670,1221,2022,3935.399,3,TN,A,43.0000000
UNSD:DF_UNDATA_ENERGY(1.2),A,566,4670,1221,2023,4047.951,3,TN,A,43.0000000
UNSD:DF_UNDATA_ENERGY(1.2),A,566,4670,1222,2020,45.736,3,TN,A,43.0000000
UNSD:DF_UNDATA_ENERGY(1.2),A,566,4670,1222,2021,45.531,3,TN,A,43.0000000
UNSD:DF_UNDATA_ENERGY(1.2),A,566,4670,1222,2022,47.451,3,TN,A,43.0000000
UNSD:DF_UNDATA_ENERGY(1.2),A,566,4670,1222,2023,49.094,3,TN,A,43.0000000
UNSD:DF_UNDATA_ENERGY(1.2),A,566,4670,1224,2020,54.993,3,TN,A,43.0000000
UNSD:DF_UNDATA_ENERGY(1.2),A,566,4670,1224,2021,63.931,3,TN,A,43.0000000
UNSD:DF_UNDATA_ENERGY(1.2),A,566,4670,1224,2022,73.649,3,TN,A,43.0000000
UNSD:DF_UNDATA_ENERGY(1.2),A,566,4670,1224,2023,51.431,3,TN,A,43.0000000
UNSD:DF_UNDATA_ENERGY(1.2),A,566,4670,123,2020,4.42,3,TN,A,43.0000000
UNSD:DF_UNDATA_ENERGY(1.2),A,566,4670,123,2021,4.514,3,TN,A,43.0000000
UNSD:DF_UNDATA_ENERGY(1.2),A,566,4670,123,2022,4.599,3,TN,A,43.0000000
UNSD:DF_UNDATA_ENERGY(1.2),A,566,4670,123,2023,4.651,3,TN,A,43.0000000
UNSD:DF_UNDATA_ENERGY(1.2),A,566,4670,1232,2020,4.42,3,TN,A,43.0000000
UNSD:DF_UNDATA_ENERGY(1.2),A,566,4670,1232,2021,4.514,3,TN,A,43.0000000
UNSD:DF_UNDATA_ENERGY(1.2),A,566,4670,1232,2022,4.599,3,TN,A,43.0000000
UNSD:DF_UNDATA_ENERGY(1.2),A,566,4670,1232,2023,4.651,3,TN,A,43.0000000
UNSD:DF_UNDATA_ENERGY(1.2),A,566,4670,GA,2020,4706.867,3,TN,A,43.0000000
UNSD:DF_UNDATA_ENERGY(1.2),A,566,4670,GA,2021,3811.775,3,TN,A,43.0000000
UNSD:DF_UNDATA_ENERGY(1.2),A,566,4670,GA,2022,3420.35,3,TN,A,43.0000000
UNSD:DF_UNDATA_ENERGY(1.2),A,566,4670,GA,2023,4227.275,3,TN,A,43.0000000
UNSD:DF_UNDATA_ENERGY(1.2),A,566,4670,NA,2020,3364.303,3,TN,A,43.0000000
UNSD:DF_UNDATA_ENERGY(1.2),A,566,4670,NA,2021,3930.5860000000002,3,TN,A,43.0000000
UNSD:DF_UNDATA_ENERGY(1.2),A,566,4670,NA,2022,4066.382,3,TN,A,43.0000000
UNSD:DF_UNDATA_ENERGY(1.2),A,566,4670,NA,2023,4158.485,3,TN,A,43.0000000
UNSD:DF_UNDATA_ENERGY(1.2),A,566,4680,01,2020,0,3,TN,A,40.4000000
UNSD:DF_UNDATA_ENERGY(1.2),A,566,4680,01,2021,97.077,3,TN,E,40.4000000
UNSD:DF_UNDATA_ENERGY(1.2),A,566,4680,01,2022,116.924,3,TN,A,40.4000000
UNSD:DF_UNDATA_ENERGY(1.2),A,566,4680,01,2023,144.923,3,TN,A,40.4000000
UNSD:DF_UNDATA_ENERGY(1.2),A,566,4680,013,2020,0,3,TN,A,40.4000000
UNSD:DF_UNDATA_ENERGY(1.2),A,566,4680,013,2021,97.077,3,TN,E,40.4000000
UNSD:DF_UNDATA_ENERGY(1.2),A,566,4680,013,2022,116.924,3,TN,A,40.4000000
UNSD:DF_UNDATA_ENERGY(1.2),A,566,4680,013,2023,144.923,3,TN,A,40.4000000
UNSD:DF_UNDATA_ENERGY(1.2),A,566,4680,03,2020,64.923,3,TN,A,40.4000000
UNSD:DF_UNDATA_ENERGY(1.2),A,566,4680,03,2021,32.308,3,TN,A,40.4000000
UNSD:DF_UNDATA_ENERGY(1.2),A,566,4680,03,2022,14.308,3,TN,A,40.4000000
UNSD:DF_UNDATA_ENERGY(1.2),A,566,4680,03,2023,27.231,3,TN,A,40.4000000
UNSD:DF_UNDATA_ENERGY(1.2),A,566,4680,051,2020,177.474,3,TN,A,40.4000000
UNSD:DF_UNDATA_ENERGY(1.2),A,566,4680,051,2021,147.306,3,TN,A,40.4000000
UNSD:DF_UNDATA_ENERGY(1.2),A,566,4680,051,2022,131.232,3,TN,A,40.4000000
UNSD:DF_UNDATA_ENERGY(1.2),A,566,4680,051,2023,147.396,3,TN,A,40.4000000
UNSD:DF_UNDATA_ENERGY(1.2),A,566,4680,06,2020,-570.445,3,TN,A,40.4000000
UNSD:DF_UNDATA_ENERGY(1.2),A,566,4680,06,2021,-542.516,3,TN,A,40.4000000
UNSD:DF_UNDATA_ENERGY(1.2),A,566,4680,06,2022,-490.027,3,TN,A,40.4000000
UNSD:DF_UNDATA_ENERGY(1.2),A,566,4680,06,2023,-479.284,3,TN,A,40.4000000
UNSD:DF_UNDATA_ENERGY(1.2),A,566,4680,09,2020,0,3,TN,A,40.4000000
UNSD:DF_UNDATA_ENERGY(1.2),A,566,4680,0925,2020,0,3,TN,A,40.4000000
UNSD:DF_UNDATA_ENERGY(1.2),A,566,4680,12,2020,457.894,3,TN,A,40.4000000
UNSD:DF_UNDATA_ENERGY(1.2),A,566,4680,12,2021,474.595,3,TN,A,40.4000000
UNSD:DF_UNDATA_ENERGY(1.2),A,566,4680,12,2022,490.027,3,TN,A,40.4000000
UNSD:DF_UNDATA_ENERGY(1.2),A,566,4680,12,2023,504.042,3,TN,A,40.4000000
UNSD:DF_UNDATA_ENERGY(1.2),A,566,4680,121,2020,457.894,3,TN,A,40.4000000
UNSD:DF_UNDATA_ENERGY(1.2),A,566,4680,121,2021,474.595,3,TN,A,40.4000000
UNSD:DF_UNDATA_ENERGY(1.2),A,566,4680,121,2022,490.027,3,TN,A,40.4000000
UNSD:DF_UNDATA_ENERGY(1.2),A,566,4680,121,2023,504.042,3,TN,A,40.4000000
UNSD:DF_UNDATA_ENERGY(1.2),A,566,4680,1214,2020,457.894,3,TN,A,40.4000000
UNSD:DF_UNDATA_ENERGY(1.2),A,566,4680,1214,2021,474.595,3,TN,A,40.4000000
UNSD:DF_UNDATA_ENERGY(1.2),A,566,4680,1214,2022,490.027,3,TN,A,40.4000000
UNSD:DF_UNDATA_ENERGY(1.2),A,566,4680,1214,2023,504.042,3,TN,A,40.4000000
UNSD:DF_UNDATA_ENERGY(1.2),A,566,4680,1214O,2020,457.894,3,TN,A,40.4000000
UNSD:DF_UNDATA_ENERGY(1.2),A,566,4680,1214O,2021,474.595,3,TN,A,40.4000000
UNSD:DF_UNDATA_ENERGY(1.2),A,566,4680,1214O,2022,490.027,3,TN,A,40.4000000
UNSD:DF_UNDATA_ENERGY(1.2),A,566,4680,1214O,2023,504.042,3,TN,A,40.4000000
UNSD:DF_UNDATA_ENERGY(1.2),A,566,4680,GA,2020,457.89400000000006,3,TN,A,40.4000000
UNSD:DF_UNDATA_ENERGY(1.2),A,566,4680,GA,2021,524.5949999999999,3,TN,A,40.4000000
UNSD:DF_UNDATA_ENERGY(1.2),A,566,4680,GA,2022,490.027,3,TN,A,40.4000000
UNSD:DF_UNDATA_ENERGY(1.2),A,566,4680,GA,2023,504.04200000000003,3,TN,A,40.4000000
UNSD:DF_UNDATA_ENERGY(1.2),A,566,4680,NA,2020,457.894,3,TN,A,40.4000000
UNSD:DF_UNDATA_ENERGY(1.2),A,566,4680,NA,2021,474.595,3,TN,A,40.4000000
UNSD:DF_UNDATA_ENERGY(1.2),A,566,4680,NA,2022,490.027,3,TN,A,40.4000000
UNSD:DF_UNDATA_ENERGY(1.2),A,566,4680,NA,2023,504.042,3,TN,A,40.4000000
UNSD:DF_UNDATA_ENERGY(1.2),A,566,4692,03,2020,56.669,3,TN,A,40.2000000
UNSD:DF_UNDATA_ENERGY(1.2),A,566,4692,03,2021,100.086,3,TN,A,40.2000000
UNSD:DF_UNDATA_ENERGY(1.2),A,566,4692,03,2022,91.775,3,TN,A,40.2000000
UNSD:DF_UNDATA_ENERGY(1.2),A,566,4692,03,2023,101.906,3,TN,A,40.2000000
UNSD:DF_UNDATA_ENERGY(1.2),A,566,4692,11,2020,56.669,3,TN,A,40.2000000
UNSD:DF_UNDATA_ENERGY(1.2),A,566,4692,11,2021,100.086,3,TN,A,40.2000000
UNSD:DF_UNDATA_ENERGY(1.2),A,566,4692,11,2022,91.775,3,TN,A,40.2000000
UNSD:DF_UNDATA_ENERGY(1.2),A,566,4692,11,2023,101.906,3,TN,A,40.2000000
UNSD:DF_UNDATA_ENERGY(1.2),A,566,4692,GA,2020,56.669,3,TN,A,40.2000000
UNSD:DF_UNDATA_ENERGY(1.2),A,566,4692,GA,2021,100.086,3,TN,A,40.2000000
UNSD:DF_UNDATA_ENERGY(1.2),A,566,4692,GA,2022,91.775,3,TN,A,40.2000000
UNSD:DF_UNDATA_ENERGY(1.2),A,566,4692,GA,2023,101.906,3,TN,A,40.2000000
UNSD:DF_UNDATA_ENERGY(1.2),A,566,4692,NA,2020,56.669,3,TN,A,40.2000000
UNSD:DF_UNDATA_ENERGY(1.2),A,566,4692,NA,2021,100.086,3,TN,A,40.2000000
UNSD:DF_UNDATA_ENERGY(1.2),A,566,4692,NA,2022,91.775,3,TN,A,40.2000000
UNSD:DF_UNDATA_ENERGY(1.2),A,566,4692,NA,2023,101.906,3,TN,A,40.2000000
UNSD:DF_UNDATA_ENERGY(1.2),A,566,4694,01,2020,0,3,TN,A,32.5000000
UNSD:DF_UNDATA_ENERGY(1.2),A,566,4694,013,2020,0,3,TN,A,32.5000000
UNSD:DF_UNDATA_ENERGY(1.2),A,566,4694,09,2020,0,3,TN,A,32.5000000
UNSD:DF_UNDATA_ENERGY(1.2),A,566,4694,0925,2020,0,3,TN,A,32.5000000
UNSD:DF_UNDATA_ENERGY(1.2),A,566,4694,GA,2020,0,3,TN,A,32.5000000
UNSD:DF_UNDATA_ENERGY(1.2),A,566,4699,01,2020,0,3,TN,A,40.2000000
UNSD:DF_UNDATA_ENERGY(1.2),A,566,4699,013,2020,0,3,TN,A,40.2000000
UNSD:DF_UNDATA_ENERGY(1.2),A,566,4699,03,2020,14.438,3,TN,A,40.2000000
UNSD:DF_UNDATA_ENERGY(1.2),A,566,4699,03,2021,14.965,3,TN,A,40.2000000
UNSD:DF_UNDATA_ENERGY(1.2),A,566,4699,03,2022,15.452,3,TN,A,40.2000000
UNSD:DF_UNDATA_ENERGY(1.2),A,566,4699,03,2023,15.894,3,TN,A,40.2000000
UNSD:DF_UNDATA_ENERGY(1.2),A,566,4699,07,2020,0,3,TN,A,40.2000000
UNSD:DF_UNDATA_ENERGY(1.2),A,566,4699,11,2020,14.438,3,TN,A,40.2000000
UNSD:DF_UNDATA_ENERGY(1.2),A,566,4699,11,2021,14.965,3,TN,A,40.2000000
UNSD:DF_UNDATA_ENERGY(1.2),A,566,4699,11,2022,15.452,3,TN,A,40.2000000
UNSD:DF_UNDATA_ENERGY(1.2),A,566,4699,11,2023,15.894,3,TN,A,40.2000000
UNSD:DF_UNDATA_ENERGY(1.2),A,566,4699,GA,2020,14.438,3,TN,A,40.2000000
UNSD:DF_UNDATA_ENERGY(1.2),A,566,4699,GA,2021,14.965,3,TN,A,40.2000000
UNSD:DF_UNDATA_ENERGY(1.2),A,566,4699,GA,2022,15.452,3,TN,A,40.2000000
UNSD:DF_UNDATA_ENERGY(1.2),A,566,4699,GA,2023,15.894,3,TN,A,40.2000000
UNSD:DF_UNDATA_ENERGY(1.2),A,566,4699,NA,2020,14.438,3,TN,A,40.2000000
UNSD:DF_UNDATA_ENERGY(1.2),A,566,4699,NA,2021,14.965,3,TN,A,40.2000000
UNSD:DF_UNDATA_ENERGY(1.2),A,566,4699,NA,2022,15.452,3,TN,A,40.2000000
UNSD:DF_UNDATA_ENERGY(1.2),A,566,4699,NA,2023,15.894,3,TN,A,40.2000000
UNSD:DF_UNDATA_ENERGY(1.2),A,566,5110,01,2020,82627.340339,3,M3,A,9.1350000
UNSD:DF_UNDATA_ENERGY(1.2),A,566,5110,01,2021,84904.447729,3,M3,A,9.1350000
UNSD:DF_UNDATA_ENERGY(1.2),A,566,5110,01,2022,85584.08866995074,3,M3,A,9.1350000
UNSD:DF_UNDATA_ENERGY(1.2),A,566,5110,01,2023,86280.131363,3,M3,A,9.1350000
UNSD:DF_UNDATA_ENERGY(1.2),A,566,5110,08,2020,19010.94012,3,M3,A,9.1350000
UNSD:DF_UNDATA_ENERGY(1.2),A,566,5110,08,2021,19674.601642,3,M3,A,9.1350000
UNSD:DF_UNDATA_ENERGY(1.2),A,566,5110,08,2022,19997.403175,3,M3,A,9.1350000
UNSD:DF_UNDATA_ENERGY(1.2),A,566,5110,08,2023,20325.504980842914,3,M3,A,9.1350000
UNSD:DF_UNDATA_ENERGY(1.2),A,566,5110,085CH,2020,19010.94012,3,M3,A,9.1350000
UNSD:DF_UNDATA_ENERGY(1.2),A,566,5110,085CH,2021,19674.601642,3,M3,A,9.1350000
UNSD:DF_UNDATA_ENERGY(1.2),A,566,5110,085CH,2022,19997.403175,3,M3,A,9.1350000
UNSD:DF_UNDATA_ENERGY(1.2),A,566,5110,085CH,2023,20325.504980842914,3,M3,A,9.1350000
UNSD:DF_UNDATA_ENERGY(1.2),A,566,5110,12,2020,63616.391571,3,M3,A,9.1350000
UNSD:DF_UNDATA_ENERGY(1.2),A,566,5110,12,2021,65229.849480000004,3,M3,A,9.1350000
UNSD:DF_UNDATA_ENERGY(1.2),A,566,5110,12,2022,65586.69469056651,3,M3,A,9.1350000
UNSD:DF_UNDATA_ENERGY(1.2),A,566,5110,12,2023,65954.60240891736,3,M3,A,9.1350000
UNSD:DF_UNDATA_ENERGY(1.2),A,566,5110,121,2020,19068.621237,3,M3,A,9.1350000
UNSD:DF_UNDATA_ENERGY(1.2),A,566,5110,121,2021,19170.035796,3,M3,A,9.1350000
UNSD:DF_UNDATA_ENERGY(1.2),A,566,5110,121,2022,19274.688122605367,3,M3,A,9.1350000
UNSD:DF_UNDATA_ENERGY(1.2),A,566,5110,121,2023,19382.593212917353,3,M3,A,9.1350000
UNSD:DF_UNDATA_ENERGY(1.2),A,566,5110,1214,2020,19068.621237,3,M3,A,9.1350000
UNSD:DF_UNDATA_ENERGY(1.2),A,566,5110,1214,2021,19170.035796,3,M3,A,9.1350000
UNSD:DF_UNDATA_ENERGY(1.2),A,566,5110,1214,2022,19274.688122605367,3,M3,A,9.1350000
UNSD:DF_UNDATA_ENERGY(1.2),A,566,5110,1214,2023,19382.593212917353,3,M3,A,9.1350000
UNSD:DF_UNDATA_ENERGY(1.2),A,566,5110,1214G,2020,39.71286261631089,3,M3,A,9.1350000
UNSD:DF_UNDATA_ENERGY(1.2),A,566,5110,1214G,2021,39.71286261631089,3,M3,A,9.1350000
UNSD:DF_UNDATA_ENERGY(1.2),A,566,5110,1214G,2022,39.71286261631089,3,M3,A,9.1350000
UNSD:DF_UNDATA_ENERGY(1.2),A,566,5110,1214G,2023,39.71286261631089,3,M3,A,9.1350000
UNSD:DF_UNDATA_ENERGY(1.2),A,566,5110,1214O,2020,19028.908374,3,M3,A,9.1350000
UNSD:DF_UNDATA_ENERGY(1.2),A,566,5110,1214O,2021,19130.322934,3,M3,A,9.1350000
UNSD:DF_UNDATA_ENERGY(1.2),A,566,5110,1214O,2022,19234.975259989056,3,M3,A,9.1350000
UNSD:DF_UNDATA_ENERGY(1.2),A,566,5110,1214O,2023,19342.88035030104,3,M3,A,9.1350000
UNSD:DF_UNDATA_ENERGY(1.2),A,566,5110,123,2020,44547.770334,3,M3,A,9.1350000
UNSD:DF_UNDATA_ENERGY(1.2),A,566,5110,123,2021,46059.813684,3,M3,A,9.1350000
UNSD:DF_UNDATA_ENERGY(1.2),A,566,5110,123,2022,46312.006567961136,3,M3,A,9.1350000
UNSD:DF_UNDATA_ENERGY(1.2),A,566,5110,123,2023,46572.009196,3,M3,A,9.1350000
UNSD:DF_UNDATA_ENERGY(1.2),A,566,5110,1231,2020,34082.211275,3,M3,A,9.1350000
UNSD:DF_UNDATA_ENERGY(1.2),A,566,5110,1231,2021,35538.47838,3,M3,A,9.1350000
UNSD:DF_UNDATA_ENERGY(1.2),A,566,5110,1231,2022,35733.114395,3,M3,A,9.1350000
UNSD:DF_UNDATA_ENERGY(1.2),A,566,5110,1231,2023,35933.77121,3,M3,A,9.1350000
UNSD:DF_UNDATA_ENERGY(1.2),A,566,5110,1235,2020,10465.559059,3,M3,A,9.1350000
UNSD:DF_UNDATA_ENERGY(1.2),A,566,5110,1235,2021,10521.335304,3,M3,A,9.1350000
UNSD:DF_UNDATA_ENERGY(1.2),A,566,5110,1235,2022,10578.892172961137,3,M3,A,9.1350000
UNSD:DF_UNDATA_ENERGY(1.2),A,566,5110,1235,2023,10638.237986,3,M3,A,9.1350000
UNSD:DF_UNDATA_ENERGY(1.2),A,566,5110,GA,2020,82627.340339,3,M3,A,9.1350000
UNSD:DF_UNDATA_ENERGY(1.2),A,566,5110,GA,2021,84904.447729,3,M3,A,9.1350000
UNSD:DF_UNDATA_ENERGY(1.2),A,566,5110,GA,2022,85584.08866995074,3,M3,A,9.1350000
UNSD:DF_UNDATA_ENERGY(1.2),A,566,5110,GA,2023,86280.131363,3,M3,A,9.1350000
UNSD:DF_UNDATA_ENERGY(1.2),A,566,5110,NA,2020,63616.391571,3,M3,A,9.1350000
UNSD:DF_UNDATA_ENERGY(1.2),A,566,5110,NA,2021,65229.849480000004,3,M3,A,9.1350000
UNSD:DF_UNDATA_ENERGY(1.2),A,566,5110,NA,2022,65586.69469056651,3,M3,A,9.1350000
UNSD:DF_UNDATA_ENERGY(1.2),A,566,5110,NA,2023,65954.60240891736,3,M3,A,9.1350000
UNSD:DF_UNDATA_ENERGY(1.2),A,566,5120,01,2020,71,3,TN,E,7.7221000
UNSD:DF_UNDATA_ENERGY(1.2),A,566,5120,01,2021,71,3,TN,E,7.7221000
UNSD:DF_UNDATA_ENERGY(1.2),A,566,5120,01,2022,72,3,TN,E,7.7221000
UNSD:DF_UNDATA_ENERGY(1.2),A,566,5120,01,2023,72,3,TN,E,7.7221000
UNSD:DF_UNDATA_ENERGY(1.2),A,566,5120,12,2020,71,3,TN,E,7.7221000
UNSD:DF_UNDATA_ENERGY(1.2),A,566,5120,12,2021,71,3,TN,E,7.7221000
UNSD:DF_UNDATA_ENERGY(1.2),A,566,5120,12,2022,72,3,TN,E,7.7221000
UNSD:DF_UNDATA_ENERGY(1.2),A,566,5120,12,2023,72,3,TN,E,7.7221000
UNSD:DF_UNDATA_ENERGY(1.2),A,566,5120,121,2020,71,3,TN,E,7.7221000
UNSD:DF_UNDATA_ENERGY(1.2),A,566,5120,121,2021,71,3,TN,E,7.7221000
UNSD:DF_UNDATA_ENERGY(1.2),A,566,5120,121,2022,72,3,TN,E,7.7221000
UNSD:DF_UNDATA_ENERGY(1.2),A,566,5120,121,2023,72,3,TN,E,7.7221000
UNSD:DF_UNDATA_ENERGY(1.2),A,566,5120,1214,2020,71,3,TN,E,7.7221000
UNSD:DF_UNDATA_ENERGY(1.2),A,566,5120,1214,2021,71,3,TN,E,7.7221000
UNSD:DF_UNDATA_ENERGY(1.2),A,566,5120,1214,2022,72,3,TN,E,7.7221000
UNSD:DF_UNDATA_ENERGY(1.2),A,566,5120,1214,2023,72,3,TN,E,7.7221000
UNSD:DF_UNDATA_ENERGY(1.2),A,566,5120,1214O,2020,71,3,TN,E,7.7221000
UNSD:DF_UNDATA_ENERGY(1.2),A,566,5120,1214O,2021,71,3,TN,E,7.7221000
UNSD:DF_UNDATA_ENERGY(1.2),A,566,5120,1214O,2022,72,3,TN,E,7.7221000
UNSD:DF_UNDATA_ENERGY(1.2),A,566,5120,1214O,2023,72,3,TN,E,7.7221000
UNSD:DF_UNDATA_ENERGY(1.2),A,566,5120,GA,2020,71,3,TN,E,7.7221000
UNSD:DF_UNDATA_ENERGY(1.2),A,566,5120,GA,2021,71,3,TN,E,7.7221000
UNSD:DF_UNDATA_ENERGY(1.2),A,566,5120,GA,2022,72,3,TN,E,7.7221000
UNSD:DF_UNDATA_ENERGY(1.2),A,566,5120,GA,2023,72,3,TN,E,7.7221000
UNSD:DF_UNDATA_ENERGY(1.2),A,566,5120,NA,2020,71,3,TN,E,7.7221000
UNSD:DF_UNDATA_ENERGY(1.2),A,566,5120,NA,2021,71,3,TN,E,7.7221000
UNSD:DF_UNDATA_ENERGY(1.2),A,566,5120,NA,2022,72,3,TN,E,7.7221000
UNSD:DF_UNDATA_ENERGY(1.2),A,566,5120,NA,2023,72,3,TN,E,7.7221000
UNSD:DF_UNDATA_ENERGY(1.2),A,566,5150,01,2020,524813,0,TJ,A,1.0000000
UNSD:DF_UNDATA_ENERGY(1.2),A,566,5150,01,2021,557545,0,TJ,A,1.0000000
UNSD:DF_UNDATA_ENERGY(1.2),A,566,5150,01,2022,570965,0,TJ,A,1.0000000
UNSD:DF_UNDATA_ENERGY(1.2),A,566,5150,01,2023,584709,0,TJ,A,1.0000000
UNSD:DF_UNDATA_ENERGY(1.2),A,566,5150,12,2020,524813,0,TJ,A,1.0000000
UNSD:DF_UNDATA_ENERGY(1.2),A,566,5150,12,2021,557545,0,TJ,A,1.0000000
UNSD:DF_UNDATA_ENERGY(1.2),A,566,5150,12,2022,570965,0,TJ,A,1.0000000
UNSD:DF_UNDATA_ENERGY(1.2),A,566,5150,12,2023,584709,0,TJ,A,1.0000000
UNSD:DF_UNDATA_ENERGY(1.2),A,566,5150,123,2020,524813,0,TJ,A,1.0000000
UNSD:DF_UNDATA_ENERGY(1.2),A,566,5150,123,2021,557545,0,TJ,A,1.0000000
UNSD:DF_UNDATA_ENERGY(1.2),A,566,5150,123,2022,570965,0,TJ,A,1.0000000
UNSD:DF_UNDATA_ENERGY(1.2),A,566,5150,123,2023,584709,0,TJ,A,1.0000000
UNSD:DF_UNDATA_ENERGY(1.2),A,566,5150,1231,2020,524813,0,TJ,A,1.0000000
UNSD:DF_UNDATA_ENERGY(1.2),A,566,5150,1231,2021,557545,0,TJ,A,1.0000000
UNSD:DF_UNDATA_ENERGY(1.2),A,566,5150,1231,2022,570965,0,TJ,A,1.0000000
UNSD:DF_UNDATA_ENERGY(1.2),A,566,5150,1231,2023,584709,0,TJ,A,1.0000000
UNSD:DF_UNDATA_ENERGY(1.2),A,566,5150,GA,2020,524813,0,TJ,A,1.0000000
UNSD:DF_UNDATA_ENERGY(1.2),A,566,5150,GA,2021,557545,0,TJ,A,1.0000000
UNSD:DF_UNDATA_ENERGY(1.2),A,566,5150,GA,2022,570965,0,TJ,A,1.0000000
UNSD:DF_UNDATA_ENERGY(1.2),A,566,5150,GA,2023,584709,0,TJ,A,1.0000000
UNSD:DF_UNDATA_ENERGY(1.2),A,566,5150,NA,2020,524813,0,TJ,A,1.0000000
UNSD:DF_UNDATA_ENERGY(1.2),A,566,5150,NA,2021,557545,0,TJ,A,1.0000000
UNSD:DF_UNDATA_ENERGY(1.2),A,566,5150,NA,2022,570965,0,TJ,A,1.0000000
UNSD:DF_UNDATA_ENERGY(1.2),A,566,5150,NA,2023,584709,0,TJ,A,1.0000000
UNSD:DF_UNDATA_ENERGY(1.2),A,566,5160,01,2020,1409.618,3,TN,A,29.5000000
UNSD:DF_UNDATA_ENERGY(1.2),A,566,5160,01,2021,1458.827,3,TN,A,29.5000000
UNSD:DF_UNDATA_ENERGY(1.2),A,566,5160,01,2022,1482.762,3,TN,A,29.5000000
UNSD:DF_UNDATA_ENERGY(1.2),A,566,5160,01,2023,1507.09,3,TN,A,29.5000000
UNSD:DF_UNDATA_ENERGY(1.2),A,566,5160,12,2020,1409.618,3,TN,A,29.5000000
UNSD:DF_UNDATA_ENERGY(1.2),A,566,5160,12,2021,1458.827,3,TN,A,29.5000000
UNSD:DF_UNDATA_ENERGY(1.2),A,566,5160,12,2022,1482.7620000000002,3,TN,A,29.5000000
UNSD:DF_UNDATA_ENERGY(1.2),A,566,5160,12,2023,1507.09,3,TN,A,29.5000000
UNSD:DF_UNDATA_ENERGY(1.2),A,566,5160,121,2020,17.102,3,TN,A,29.5000000
UNSD:DF_UNDATA_ENERGY(1.2),A,566,5160,121,2021,17.383,3,TN,A,29.5000000
UNSD:DF_UNDATA_ENERGY(1.2),A,566,5160,121,2022,17.668,3,TN,A,29.5000000
UNSD:DF_UNDATA_ENERGY(1.2),A,566,5160,121,2023,17.958,3,TN,A,29.5000000
UNSD:DF_UNDATA_ENERGY(1.2),A,566,5160,1214,2020,17.102,3,TN,A,29.5000000
UNSD:DF_UNDATA_ENERGY(1.2),A,566,5160,1214,2021,17.383,3,TN,A,29.5000000
UNSD:DF_UNDATA_ENERGY(1.2),A,566,5160,1214,2022,17.668,3,TN,A,29.5000000
UNSD:DF_UNDATA_ENERGY(1.2),A,566,5160,1214,2023,17.958,3,TN,A,29.5000000
UNSD:DF_UNDATA_ENERGY(1.2),A,566,5160,1214O,2020,17.102,3,TN,A,29.5000000
UNSD:DF_UNDATA_ENERGY(1.2),A,566,5160,1214O,2021,17.383,3,TN,A,29.5000000
UNSD:DF_UNDATA_ENERGY(1.2),A,566,5160,1214O,2022,17.668,3,TN,A,29.5000000
UNSD:DF_UNDATA_ENERGY(1.2),A,566,5160,1214O,2023,17.958,3,TN,A,29.5000000
UNSD:DF_UNDATA_ENERGY(1.2),A,566,5160,123,2020,1392.516,3,TN,A,29.5000000
UNSD:DF_UNDATA_ENERGY(1.2),A,566,5160,123,2021,1441.444,3,TN,A,29.5000000
UNSD:DF_UNDATA_ENERGY(1.2),A,566,5160,123,2022,1465.094,3,TN,A,29.5000000
UNSD:DF_UNDATA_ENERGY(1.2),A,566,5160,123,2023,1489.132,3,TN,A,29.5000000
UNSD:DF_UNDATA_ENERGY(1.2),A,566,5160,1231,2020,689.191,3,TN,A,29.5000000
UNSD:DF_UNDATA_ENERGY(1.2),A,566,5160,1231,2021,726.579,3,TN,A,29.5000000
UNSD:DF_UNDATA_ENERGY(1.2),A,566,5160,1231,2022,738.5,3,TN,A,29.5000000
UNSD:DF_UNDATA_ENERGY(1.2),A,566,5160,1231,2023,750.617,3,TN,A,29.5000000
UNSD:DF_UNDATA_ENERGY(1.2),A,566,5160,1235,2020,703.325,3,TN,A,29.5000000
UNSD:DF_UNDATA_ENERGY(1.2),A,566,5160,1235,2021,714.865,3,TN,A,29.5000000
UNSD:DF_UNDATA_ENERGY(1.2),A,566,5160,1235,2022,726.594,3,TN,A,29.5000000
UNSD:DF_UNDATA_ENERGY(1.2),A,566,5160,1235,2023,738.515,3,TN,A,29.5000000
UNSD:DF_UNDATA_ENERGY(1.2),A,566,5160,GA,2020,1409.618,3,TN,A,29.5000000
UNSD:DF_UNDATA_ENERGY(1.2),A,566,5160,GA,2021,1458.827,3,TN,A,29.5000000
UNSD:DF_UNDATA_ENERGY(1.2),A,566,5160,GA,2022,1482.762,3,TN,A,29.5000000
UNSD:DF_UNDATA_ENERGY(1.2),A,566,5160,GA,2023,1507.09,3,TN,A,29.5000000
UNSD:DF_UNDATA_ENERGY(1.2),A,566,5160,NA,2020,1409.618,3,TN,A,29.5000000
UNSD:DF_UNDATA_ENERGY(1.2),A,566,5160,NA,2021,1458.827,3,TN,A,29.5000000
UNSD:DF_UNDATA_ENERGY(1.2),A,566,5160,NA,2022,1482.7620000000002,3,TN,A,29.5000000
UNSD:DF_UNDATA_ENERGY(1.2),A,566,5160,NA,2023,1507.09,3,TN,A,29.5000000
UNSD:DF_UNDATA_ENERGY(1.2),A,566,7000,01,2020,39557.44499999999,0,GWHR,A,3.6000000
UNSD:DF_UNDATA_ENERGY(1.2),A,566,7000,01,2021,36037.565,0,GWHR,A,3.6000000
UNSD:DF_UNDATA_ENERGY(1.2),A,566,7000,01,2022,38865.67799999999,0,GWHR,A,3.6000000
UNSD:DF_UNDATA_ENERGY(1.2),A,566,7000,01,2023,40959.561,0,GWHR,A,3.6000000
UNSD:DF_UNDATA_ENERGY(1.2),A,566,7000,015C,2020,9598.792,0,GWHR,A,3.6000000
UNSD:DF_UNDATA_ENERGY(1.2),A,566,7000,015C,2021,21917.204,0,GWHR,A,3.6000000
UNSD:DF_UNDATA_ENERGY(1.2),A,566,7000,015C,2022,6780.755,0,GWHR,A,3.6000000
UNSD:DF_UNDATA_ENERGY(1.2),A,566,7000,015C,2023,6322.318,0,GWHR,A,3.6000000
UNSD:DF_UNDATA_ENERGY(1.2),A,566,7000,015CE,2020,9598.792,0,GWHR,A,3.6000000
UNSD:DF_UNDATA_ENERGY(1.2),A,566,7000,015CE,2021,21917.204,0,GWHR,A,3.6000000
UNSD:DF_UNDATA_ENERGY(1.2),A,566,7000,015CE,2022,6780.755,0,GWHR,A,3.6000000
UNSD:DF_UNDATA_ENERGY(1.2),A,566,7000,015CE,2023,6322.318,0,GWHR,A,3.6000000
UNSD:DF_UNDATA_ENERGY(1.2),A,566,7000,015HY,2020,8123.259,0,GWHR,A,3.6000000
UNSD:DF_UNDATA_ENERGY(1.2),A,566,7000,015HY,2021,7781.13,0,GWHR,A,3.6000000
UNSD:DF_UNDATA_ENERGY(1.2),A,566,7000,015HY,2022,9016.719,0,GWHR,A,3.6000000
UNSD:DF_UNDATA_ENERGY(1.2),A,566,7000,015HY,2023,8921.685,0,GWHR,A,3.6000000
UNSD:DF_UNDATA_ENERGY(1.2),A,566,7000,015S,2020,2.245,0,GWHR,A,3.6000000
UNSD:DF_UNDATA_ENERGY(1.2),A,566,7000,015S,2022,14.36,0,GWHR,A,3.6000000
UNSD:DF_UNDATA_ENERGY(1.2),A,566,7000,015S,2023,29.129,0,GWHR,A,3.6000000
UNSD:DF_UNDATA_ENERGY(1.2),A,566,7000,015SP,2020,2.245,0,GWHR,A,3.6000000
UNSD:DF_UNDATA_ENERGY(1.2),A,566,7000,015SP,2022,14.36,0,GWHR,A,3.6000000
UNSD:DF_UNDATA_ENERGY(1.2),A,566,7000,015SP,2023,29.129,0,GWHR,A,3.6000000
UNSD:DF_UNDATA_ENERGY(1.2),A,566,7000,016C,2020,21585.672,0,GWHR,A,3.6000000
UNSD:DF_UNDATA_ENERGY(1.2),A,566,7000,016C,2021,6128.7,0,GWHR,A,3.6000000
UNSD:DF_UNDATA_ENERGY(1.2),A,566,7000,016C,2022,22729.887,0,GWHR,A,3.6000000
UNSD:DF_UNDATA_ENERGY(1.2),A,566,7000,016C,2023,25318.485,0,GWHR,A,3.6000000
UNSD:DF_UNDATA_ENERGY(1.2),A,566,7000,016CE,2020,21585.672,0,GWHR,A,3.6000000
UNSD:DF_UNDATA_ENERGY(1.2),A,566,7000,016CE,2021,6128.7,0,GWHR,A,3.6000000
UNSD:DF_UNDATA_ENERGY(1.2),A,566,7000,016CE,2022,22729.887,0,GWHR,A,3.6000000
UNSD:DF_UNDATA_ENERGY(1.2),A,566,7000,016CE,2023,25318.485,0,GWHR,A,3.6000000
UNSD:DF_UNDATA_ENERGY(1.2),A,566,7000,016HY,2020,168.895,0,GWHR,A,3.6000000
UNSD:DF_UNDATA_ENERGY(1.2),A,566,7000,016HY,2021,161.79,0,GWHR,A,3.6000000
UNSD:DF_UNDATA_ENERGY(1.2),A,566,7000,016HY,2022,187.471,0,GWHR,A,3.6000000
UNSD:DF_UNDATA_ENERGY(1.2),A,566,7000,016HY,2023,185.495,0,GWHR,A,3.6000000
UNSD:DF_UNDATA_ENERGY(1.2),A,566,7000,016S,2020,75.582,0,GWHR,A,3.6000000
UNSD:DF_UNDATA_ENERGY(1.2),A,566,7000,016S,2021,48.741,0,GWHR,A,3.6000000
UNSD:DF_UNDATA_ENERGY(1.2),A,566,7000,016S,2022,136.486,0,GWHR,A,3.6000000
UNSD:DF_UNDATA_ENERGY(1.2),A,566,7000,016S,2023,182.449,0,GWHR,A,3.6000000
UNSD:DF_UNDATA_ENERGY(1.2),A,566,7000,016SP,2020,75.582,0,GWHR,A,3.6000000
UNSD:DF_UNDATA_ENERGY(1.2),A,566,7000,016SP,2021,48.741,0,GWHR,A,3.6000000
UNSD:DF_UNDATA_ENERGY(1.2),A,566,7000,016SP,2022,136.486,0,GWHR,A,3.6000000
UNSD:DF_UNDATA_ENERGY(1.2),A,566,7000,016SP,2023,182.449,0,GWHR,A,3.6000000
UNSD:DF_UNDATA_ENERGY(1.2),A,566,7000,016W,2020,3,0,GWHR,E,3.6000000
UNSD:DF_UNDATA_ENERGY(1.2),A,566,7000,019,2020,38505.45,0,GWHR,A,3.6000000
UNSD:DF_UNDATA_ENERGY(1.2),A,566,7000,019,2021,35005.043000000005,0,GWHR,A,3.6000000
UNSD:DF_UNDATA_ENERGY(1.2),A,566,7000,019,2022,37816.579,0,GWHR,A,3.6000000
UNSD:DF_UNDATA_ENERGY(1.2),A,566,7000,019,2023,39850.359000000004,0,GWHR,A,3.6000000
UNSD:DF_UNDATA_ENERGY(1.2),A,566,7000,04,2020,3009.256,0,GWHR,A,3.6000000
UNSD:DF_UNDATA_ENERGY(1.2),A,566,7000,04,2021,2433.38,0,GWHR,A,3.6000000
UNSD:DF_UNDATA_ENERGY(1.2),A,566,7000,04,2022,2316.88,0,GWHR,A,3.6000000
UNSD:DF_UNDATA_ENERGY(1.2),A,566,7000,04,2023,2316.88,0,GWHR,A,3.6000000
UNSD:DF_UNDATA_ENERGY(1.2),A,566,7000,09,2020,238.747,0,GWHR,A,3.6000000
UNSD:DF_UNDATA_ENERGY(1.2),A,566,7000,09,2021,190.766,0,GWHR,A,3.6000000
UNSD:DF_UNDATA_ENERGY(1.2),A,566,7000,09,2022,165.206,0,GWHR,A,3.6000000
UNSD:DF_UNDATA_ENERGY(1.2),A,566,7000,09,2023,151.032,0,GWHR,A,3.6000000
UNSD:DF_UNDATA_ENERGY(1.2),A,566,7000,0927,2020,1051.9949999999953,0,GWHR,A,3.6000000
UNSD:DF_UNDATA_ENERGY(1.2),A,566,7000,0927,2021,1032.5219999999972,0,GWHR,A,3.6000000
UNSD:DF_UNDATA_ENERGY(1.2),A,566,7000,0927,2022,1049.0989999999947,0,GWHR,A,3.6000000
UNSD:DF_UNDATA_ENERGY(1.2),A,566,7000,0927,2023,1109.201999999997,0,GWHR,A,3.6000000
UNSD:DF_UNDATA_ENERGY(1.2),A,566,7000,0934,2020,238.747,0,GWHR,A,3.6000000
UNSD:DF_UNDATA_ENERGY(1.2),A,566,7000,0934,2021,190.766,0,GWHR,A,3.6000000
UNSD:DF_UNDATA_ENERGY(1.2),A,566,7000,0934,2022,165.206,0,GWHR,A,3.6000000
UNSD:DF_UNDATA_ENERGY(1.2),A,566,7000,0934,2023,151.032,0,GWHR,A,3.6000000
UNSD:DF_UNDATA_ENERGY(1.2),A,566,7000,101,2020,5481.778,0,GWHR,A,3.6000000
UNSD:DF_UNDATA_ENERGY(1.2),A,566,7000,101,2021,5405.635,0,GWHR,A,3.6000000
UNSD:DF_UNDATA_ENERGY(1.2),A,566,7000,101,2022,5482.32,0,GWHR,A,3.6000000
UNSD:DF_UNDATA_ENERGY(1.2),A,566,7000,101,2023,5796.402,0,GWHR,A,3.6000000
UNSD:DF_UNDATA_ENERGY(1.2),A,566,7000,12,2020,31487.537000000004,0,GWHR,A,3.6000000
UNSD:DF_UNDATA_ENERGY(1.2),A,566,7000,12,2021,28335.15,0,GWHR,A,3.6000000
UNSD:DF_UNDATA_ENERGY(1.2),A,566,7000,12,2022,33144.496,0,GWHR,A,3.6000000
UNSD:DF_UNDATA_ENERGY(1.2),A,566,7000,12,2023,33802.887,0,GWHR,A,3.6000000
UNSD:DF_UNDATA_ENERGY(1.2),A,566,7000,121,2020,7678.674,0,GWHR,A,3.6000000
UNSD:DF_UNDATA_ENERGY(1.2),A,566,7000,121,2021,3946.4,0,GWHR,A,3.6000000
UNSD:DF_UNDATA_ENERGY(1.2),A,566,7000,121,2022,8168.316,0,GWHR,A,3.6000000
UNSD:DF_UNDATA_ENERGY(1.2),A,566,7000,121,2023,8225.105,0,GWHR,A,3.6000000
UNSD:DF_UNDATA_ENERGY(1.2),A,566,7000,1214,2020,7678.674,0,GWHR,A,3.6000000
UNSD:DF_UNDATA_ENERGY(1.2),A,566,7000,1214,2021,3946.4,0,GWHR,A,3.6000000
UNSD:DF_UNDATA_ENERGY(1.2),A,566,7000,1214,2022,8168.316,0,GWHR,A,3.6000000
UNSD:DF_UNDATA_ENERGY(1.2),A,566,7000,1214,2023,8225.105,0,GWHR,A,3.6000000
UNSD:DF_UNDATA_ENERGY(1.2),A,566,7000,1214B,2020,3860.133,0,GWHR,A,3.6000000
UNSD:DF_UNDATA_ENERGY(1.2),A,566,7000,1214B,2022,4125.333,0,GWHR,A,3.6000000
UNSD:DF_UNDATA_ENERGY(1.2),A,566,7000,1214B,2023,4125.333,0,GWHR,A,3.6000000
UNSD:DF_UNDATA_ENERGY(1.2),A,566,7000,1214O,2020,3818.541,0,GWHR,A,3.6000000
UNSD:DF_UNDATA_ENERGY(1.2),A,566,7000,1214O,2021,3946.4,0,GWHR,A,3.6000000
UNSD:DF_UNDATA_ENERGY(1.2),A,566,7000,1214O,2022,4042.983,0,GWHR,A,3.6000000
UNSD:DF_UNDATA_ENERGY(1.2),A,566,7000,1214O,2023,4099.772,0,GWHR,A,3.6000000
UNSD:DF_UNDATA_ENERGY(1.2),A,566,7000,123,2020,23808.863,0,GWHR,A,3.6000000
UNSD:DF_UNDATA_ENERGY(1.2),A,566,7000,123,2021,24388.75,0,GWHR,A,3.6000000
UNSD:DF_UNDATA_ENERGY(1.2),A,566,7000,123,2022,24976.18,0,GWHR,A,3.6000000
UNSD:DF_UNDATA_ENERGY(1.2),A,566,7000,123,2023,25577.782,0,GWHR,A,3.6000000
UNSD:DF_UNDATA_ENERGY(1.2),A,566,7000,1231,2020,16262.727,0,GWHR,A,3.6000000
UNSD:DF_UNDATA_ENERGY(1.2),A,566,7000,1231,2021,16658.821,0,GWHR,A,3.6000000
UNSD:DF_UNDATA_ENERGY(1.2),A,566,7000,1231,2022,17060.067,0,GWHR,A,3.6000000
UNSD:DF_UNDATA_ENERGY(1.2),A,566,7000,1231,2023,17470.993,0,GWHR,A,3.6000000
UNSD:DF_UNDATA_ENERGY(1.2),A,566,7000,1235,2020,7546.136,0,GWHR,A,3.6000000
UNSD:DF_UNDATA_ENERGY(1.2),A,566,7000,1235,2021,7729.929,0,GWHR,A,3.6000000
UNSD:DF_UNDATA_ENERGY(1.2),A,566,7000,1235,2022,7916.113,0,GWHR,A,3.6000000
UNSD:DF_UNDATA_ENERGY(1.2),A,566,7000,1235,2023,8106.789,0,GWHR,A,3.6000000
UNSD:DF_UNDATA_ENERGY(1.2),A,566,7000,EP,2020,17724.296,0,GWHR,A,3.6000000
UNSD:DF_UNDATA_ENERGY(1.2),A,566,7000,EP,2021,29698.334000000003,0,GWHR,A,3.6000000
UNSD:DF_UNDATA_ENERGY(1.2),A,566,7000,EP,2022,15811.833999999999,0,GWHR,A,3.6000000
UNSD:DF_UNDATA_ENERGY(1.2),A,566,7000,EP,2023,15273.132000000001,0,GWHR,A,3.6000000
UNSD:DF_UNDATA_ENERGY(1.2),A,566,7000,GA,2020,35496.193999999996,0,GWHR,A,3.6000000
UNSD:DF_UNDATA_ENERGY(1.2),A,566,7000,GA,2021,32571.663000000004,0,GWHR,A,3.6000000
UNSD:DF_UNDATA_ENERGY(1.2),A,566,7000,GA,2022,35499.699,0,GWHR,A,3.6000000
UNSD:DF_UNDATA_ENERGY(1.2),A,566,7000,GA,2023,37533.47900000001,0,GWHR,A,3.6000000
UNSD:DF_UNDATA_ENERGY(1.2),A,566,7000,SP,2020,21833.148999999998,0,GWHR,A,3.6000000
UNSD:DF_UNDATA_ENERGY(1.2),A,566,7000,SP,2021,6339.231,0,GWHR,A,3.6000000
UNSD:DF_UNDATA_ENERGY(1.2),A,566,7000,SP,2022,23053.844,0,GWHR,A,3.6000000
UNSD:DF_UNDATA_ENERGY(1.2),A,566,7000,SP,2023,25686.429,0,GWHR,A,3.6000000
UNSD:DF_UNDATA_ENERGY(1.2),A,566,7000H,01,2020,8292.154,0,GWHR,A,3.6000000
UNSD:DF_UNDATA_ENERGY(1.2),A,566,7000H,01,2021,7942.92,0,GWHR,A,3.6000000
UNSD:DF_UNDATA_ENERGY(1.2),A,566,7000H,01,2022,9204.189999999999,0,GWHR,A,3.6000000
UNSD:DF_UNDATA_ENERGY(1.2),A,566,7000H,01,2023,9107.18,0,GWHR,A,3.6000000
UNSD:DF_UNDATA_ENERGY(1.2),A,566,7000S,01,2020,77.827,0,GWHR,A,3.6000000
UNSD:DF_UNDATA_ENERGY(1.2),A,566,7000S,01,2021,48.741,0,GWHR,A,3.6000000
UNSD:DF_UNDATA_ENERGY(1.2),A,566,7000S,01,2022,150.846,0,GWHR,A,3.6000000
UNSD:DF_UNDATA_ENERGY(1.2),A,566,7000S,01,2023,211.578,0,GWHR,A,3.6000000
UNSD:DF_UNDATA_ENERGY(1.2),A,566,7000T,01,2020,31184.464,0,GWHR,A,3.6000000
UNSD:DF_UNDATA_ENERGY(1.2),A,566,7000T,01,2021,28045.904000000002,0,GWHR,A,3.6000000
UNSD:DF_UNDATA_ENERGY(1.2),A,566,7000T,01,2022,29510.642,0,GWHR,A,3.6000000
UNSD:DF_UNDATA_ENERGY(1.2),A,566,7000T,01,2023,31640.803,0,GWHR,A,3.6000000
UNSD:DF_UNDATA_ENERGY(1.2),A,566,7000T,01NG,2020,31184.464,0,GWHR,A,3.6000000
UNSD:DF_UNDATA_ENERGY(1.2),A,566,7000T,01NG,2021,28045.904,0,GWHR,A,3.6000000
UNSD:DF_UNDATA_ENERGY(1.2),A,566,7000T,01NG,2022,29510.642,0,GWHR,A,3.6000000
UNSD:DF_UNDATA_ENERGY(1.2),A,566,7000T,01NG,2023,31640.803,0,GWHR,A,3.6000000
UNSD:DF_UNDATA_ENERGY(1.2),A,566,7000W,01,2020,3,0,GWHR,E,3.6000000
UNSD:DF_UNDATA_ENERGY(1.2),A,566,EC,133,2020,12093.68,0,MW,A,
UNSD:DF_UNDATA_ENERGY(1.2),A,566,EC,133,2021,13364.17,0,MW,A,
UNSD:DF_UNDATA_ENERGY(1.2),A,566,EC,133,2022,13411.64,0,MW,E,
UNSD:DF_UNDATA_ENERGY(1.2),A,566,EC,133,2023,14202.82,0,MW,E,
UNSD:DF_UNDATA_ENERGY(1.2),A,566,EC,1332,2020,2150.4,0,MW,A,
UNSD:DF_UNDATA_ENERGY(1.2),A,566,EC,1332,2021,2150.4,0,MW,A,
UNSD:DF_UNDATA_ENERGY(1.2),A,566,EC,1332,2022,2150.4,0,MW,A,
UNSD:DF_UNDATA_ENERGY(1.2),A,566,EC,1332,2023,2900.4,0,MW,A,
UNSD:DF_UNDATA_ENERGY(1.2),A,566,EC,13321,2020,2110.4,0,MW,A,
UNSD:DF_UNDATA_ENERGY(1.2),A,566,EC,13321,2021,2110.4,0,MW,A,
UNSD:DF_UNDATA_ENERGY(1.2),A,566,EC,13321,2022,2110.4,0,MW,A,
UNSD:DF_UNDATA_ENERGY(1.2),A,566,EC,13321,2023,2860.4,0,MW,A,
UNSD:DF_UNDATA_ENERGY(1.2),A,566,EC,13322,2020,40,0,MW,E,
UNSD:DF_UNDATA_ENERGY(1.2),A,566,EC,13322,2021,40,0,MW,E,
UNSD:DF_UNDATA_ENERGY(1.2),A,566,EC,13322,2022,40,0,MW,E,
UNSD:DF_UNDATA_ENERGY(1.2),A,566,EC,13322,2023,40,0,MW,E,
UNSD:DF_UNDATA_ENERGY(1.2),A,566,EC,1334,2020,9862,0,MW,A,
UNSD:DF_UNDATA_ENERGY(1.2),A,566,EC,1334,2021,11103,0,MW,A,
UNSD:DF_UNDATA_ENERGY(1.2),A,566,EC,1334,2022,11121,0,MW,E,
UNSD:DF_UNDATA_ENERGY(1.2),A,566,EC,1334,2023,11121,0,MW,E,
UNSD:DF_UNDATA_ENERGY(1.2),A,566,EC,13341,2020,6682,0,MW,A,
UNSD:DF_UNDATA_ENERGY(1.2),A,566,EC,13341,2021,7771,0,MW,A,
UNSD:DF_UNDATA_ENERGY(1.2),A,566,EC,13341,2022,7771,0,MW,E,
UNSD:DF_UNDATA_ENERGY(1.2),A,566,EC,13341,2023,7771,0,MW,E,
UNSD:DF_UNDATA_ENERGY(1.2),A,566,EC,13342,2020,3180,0,MW,E,
UNSD:DF_UNDATA_ENERGY(1.2),A,566,EC,13342,2021,3332,0,MW,E,
UNSD:DF_UNDATA_ENERGY(1.2),A,566,EC,13342,2022,3350,0,MW,E,
UNSD:DF_UNDATA_ENERGY(1.2),A,566,EC,13342,2023,3350,0,MW,E,
UNSD:DF_UNDATA_ENERGY(1.2),A,566,EC,1334R,2020,12.799,0,MW,A,
UNSD:DF_UNDATA_ENERGY(1.2),A,566,EC,1334R,2021,21.042,0,MW,A,
UNSD:DF_UNDATA_ENERGY(1.2),A,566,EC,1334R,2022,21.042,0,MW,A,
UNSD:DF_UNDATA_ENERGY(1.2),A,566,EC,1334R,2023,21.042,0,MW,A,
UNSD:DF_UNDATA_ENERGY(1.2),A,566,EC,1335,2020,3,0,MW,E,
UNSD:DF_UNDATA_ENERGY(1.2),A,566,EC,13352,2020,3,0,MW,E,
UNSD:DF_UNDATA_ENERGY(1.2),A,566,EC,1336,2020,78.28,0,MW,A,
UNSD:DF_UNDATA_ENERGY(1.2),A,566,EC,1336,2021,110.77,0,MW,A,
UNSD:DF_UNDATA_ENERGY(1.2),A,566,EC,1336,2022,140.24,0,MW,A,
UNSD:DF_UNDATA_ENERGY(1.2),A,566,EC,1336,2023,181.42,0,MW,A,
UNSD:DF_UNDATA_ENERGY(1.2),A,566,EC,13361,2020,27.08,0,MW,A,
UNSD:DF_UNDATA_ENERGY(1.2),A,566,EC,13361,2021,43.69,0,MW,A,
UNSD:DF_UNDATA_ENERGY(1.2),A,566,EC,13361,2022,47.65,0,MW,A,
UNSD:DF_UNDATA_ENERGY(1.2),A,566,EC,13361,2023,57.65,0,MW,A,
UNSD:DF_UNDATA_ENERGY(1.2),A,566,EC,13362,2020,51.2,0,MW,A,
UNSD:DF_UNDATA_ENERGY(1.2),A,566,EC,13362,2021,67.08,0,MW,A,
UNSD:DF_UNDATA_ENERGY(1.2),A,566,EC,13362,2022,92.59,0,MW,A,
UNSD:DF_UNDATA_ENERGY(1.2),A,566,EC,13362,2023,123.77,0,MW,A,
UNSD:DF_UNDATA_ENERGY(1.2),A,566,EC,CP,2020,8819.48,0,MW,A,
UNSD:DF_UNDATA_ENERGY(1.2),A,566,EC,CP,2021,9925.09,0,MW,A,
UNSD:DF_UNDATA_ENERGY(1.2),A,566,EC,CP,2022,9929.05,0,MW,E,
UNSD:DF_UNDATA_ENERGY(1.2),A,566,EC,CP,2023,10689.05,0,MW,E,
UNSD:DF_UNDATA_ENERGY(1.2),A,566,EC,CS,2020,3274.2,0,MW,E,
UNSD:DF_UNDATA_ENERGY(1.2),A,566,EC,CS,2021,3439.08,0,MW,E,
UNSD:DF_UNDATA_ENERGY(1.2),A,566,EC,CS,2022,3482.59,0,MW,E,
UNSD:DF_UNDATA_ENERGY(1.2),A,566,EC,CS,2023,3513.77,0,MW,E,
UNSD:DF_UNDATA_ENERGY(1.2),A,566,GR,086,2020,0,3,TN,A,42.3000000
UNSD:DF_UNDATA_ENERGY(1.2),A,566,GR,086,2021,230.3,3,TN,A,42.3000000
UNSD:DF_UNDATA_ENERGY(1.2),A,566,GR,086,2022,263.928,3,TN,A,42.3000000
UNSD:DF_UNDATA_ENERGY(1.2),A,566,GR,086,2023,343.789,3,TN,A,42.3000000
UNSD:DF_UNDATA_ENERGY(1.2),A,566,GR,O,2020,0,3,TN,A,42.3000000
UNSD:DF_UNDATA_ENERGY(1.2),A,566,GR,O,2021,210.877,3,TN,E,42.3000000
UNSD:DF_UNDATA_ENERGY(1.2),A,566,GR,O,2022,235.00500000000002,3,TN,A,42.3000000
UNSD:DF_UNDATA_ENERGY(1.2),A,566,GR,O,2023,306.114,3,TN,A,42.3000000
