pathway,zone,state_count,temperature_median_c,temperature_min_c,temperature_max_c,precipitation_median_mm_year,precipitation_min_mm_year,precipitation_max_mm_year
ssp119,North Central,7,0.69,0.68,0.7,24.34,14.11,29.05
ssp119,North East,6,0.71,0.69,0.74,22.09,15.83,24.65
ssp119,North West,7,0.72,0.7,0.74,19.38,13.68,33.14
ssp119,South East,5,0.66,0.65,0.68,35.67,32.45,43.63
ssp119,South South,6,0.64,0.61,0.67,40.27,24.55,68.38
ssp119,South West,6,0.67,0.63,0.68,10.66,6.95,17.25
ssp126,North Central,7,1.07,1.02,1.12,32.32,27.29,47.08
ssp126,North East,6,1.05,1.01,1.18,34.13,28.34,52.18
ssp126,North West,7,1.08,1.04,1.12,35.32,20.32,44.73
ssp126,South East,5,1.09,1.01,1.12,66.0,56.67,97.49
ssp126,South South,6,1.02,0.96,1.06,96.27,39.25,143.22
ssp126,South West,6,1.1,1.04,1.15,22.33,8.52,28.34
ssp245,North Central,7,2.07,2.03,2.13,89.26,74.45,107.7
ssp245,North East,6,2.1,2.05,2.24,69.89,55.42,104.1
ssp245,North West,7,2.17,2.09,2.26,65.57,56.64,101.8
ssp245,South East,5,2.07,2.03,2.12,115.8,110.92,164.25
ssp245,South South,6,2.03,1.99,2.09,139.21,95.56,236.68
ssp245,South West,6,2.09,2.01,2.14,52.23,15.88,83.73
ssp370,North Central,7,3.08,2.97,3.13,101.76,55.81,159.12
ssp370,North East,6,3.15,3.1,3.25,116.16,97.49,130.97
ssp370,North West,7,3.2,3.12,3.26,117.24,90.29,132.54
ssp370,South East,5,2.8,2.77,2.86,114.18,87.56,139.26
ssp370,South South,6,2.75,2.7,2.84,132.74,40.65,141.66
ssp370,South West,6,2.87,2.61,2.97,5.98,-1.62,37.5
ssp585,North Central,7,3.85,3.76,3.96,106.84,88.71,161.52
ssp585,North East,6,4.11,3.92,4.28,122.94,109.56,138.27
ssp585,North West,7,4.3,3.98,4.49,136.91,122.2,151.36
ssp585,South East,5,3.67,3.62,3.83,142.04,131.7,221.86
ssp585,South South,6,3.55,3.46,3.69,200.78,36.19,356.42
ssp585,South West,6,3.74,3.61,3.8,26.5,-8.93,68.89
