pathway,zone,temperature_model_count,precipitation_model_count,temperature_median_c,temperature_p10_c,temperature_p90_c,precipitation_median_mm_year,precipitation_p10_mm_year,precipitation_p90_mm_year
ssp126,North Central,28,27,1.07,0.54,2.21,27.84,-34.61,127.45
ssp126,North East,28,27,1.07,0.5,2.05,31.41,-21.36,96.59
ssp126,North West,28,27,1.1,0.49,2.14,36.07,-24.98,124.92
ssp126,South East,28,27,1.04,0.53,1.87,62.42,-73.53,167.17
ssp126,South South,28,27,0.99,0.46,1.81,97.23,-46.8,239.97
ssp126,South West,28,27,1.04,0.51,2.05,24.42,-62.64,124.71
ssp245,North Central,28,27,2.1,1.5,3.15,81.04,-59.37,190.66
ssp245,North East,28,27,2.1,1.53,3.21,75.11,-23.91,167.72
ssp245,North West,28,27,2.2,1.6,3.28,74.54,-14.39,217.98
ssp245,South East,28,27,2.06,1.35,2.92,121.71,-52.74,238.62
ssp245,South South,28,27,2.02,1.26,2.79,161.26,-76.29,305.76
ssp245,South West,28,27,2.08,1.42,3.06,62.01,-101.58,179.35
ssp370,North Central,24,24,3.05,2.06,4.17,122.52,-118.58,321.58
ssp370,North East,24,24,3.16,2.4,4.02,120.74,-14.77,306.75
ssp370,North West,24,24,3.23,2.43,4.22,119.04,-13.8,405.62
ssp370,South East,24,24,2.81,2.25,3.8,115.31,-146.79,342.88
ssp370,South South,24,24,2.75,2.16,3.72,120.61,-117.9,582.74
ssp370,South West,24,24,2.86,1.88,4.08,13.22,-168.63,307.38
ssp585,North Central,29,28,3.91,2.47,5.64,115.95,-147.18,532.37
ssp585,North East,29,28,4.14,2.55,5.99,124.88,-27.81,430.92
ssp585,North West,29,28,4.33,2.66,5.99,135.22,-37.88,610.3
ssp585,South East,29,28,3.67,2.61,5.3,167.93,-158.2,434.96
ssp585,South South,29,28,3.55,2.33,5.09,238.54,-205.82,642.48
ssp585,South West,29,28,3.69,2.31,5.41,25.02,-167.11,415.16
