pathway,code,state,zone,temperature_anomaly_c,precipitation_anomaly_mm_year
ssp119,NGA.1822211,Adamawa,North East,0.71,24.65
ssp119,NGA.1822212,Akwa Ibom,South South,0.64,68.38
ssp119,NGA.1822213,Anambra,South East,0.66,32.92
ssp119,NGA.1822215,Benue,North Central,0.68,27.36
ssp119,NGA.1822216,Borno,North East,0.72,20.75
ssp119,NGA.1822217,Cross River,South South,0.67,44.58
ssp119,NGA.1822218,Delta,South South,0.64,32.7
ssp119,NGA.1822219,Edo,South South,0.66,24.55
ssp119,NGA.1822221,Abuja,North Central,0.69,29.05
ssp119,NGA.1822222,Imo,South East,0.65,41.6
ssp119,NGA.1822223,Jigawa,North West,0.73,13.68
ssp119,NGA.1822224,Kaduna,North West,0.7,33.14
ssp119,NGA.1822225,Kano,North West,0.72,19.38
ssp119,NGA.1822226,Katsina,North West,0.72,17.76
ssp119,NGA.1822227,Kebbi,North West,0.73,23.89
ssp119,NGA.1822228,Kogi,North Central,0.68,20.24
ssp119,NGA.1822229,Kwara,North Central,0.7,14.11
ssp119,NGA.1822230,Lagos,South West,0.63,11.13
ssp119,NGA.1822231,Niger,North Central,0.7,24.34
ssp119,NGA.1822232,Ogun,South West,0.66,6.95
ssp119,NGA.1822234,Osun,South West,0.68,7.27
ssp119,NGA.1822235,Oyo,South West,0.67,12.0
ssp119,NGA.1822239,Taraba,North East,0.69,23.42
ssp119,NGA.1822240,Yobe,North East,0.74,15.83
ssp119,NGA.18265698,Abia,South East,0.65,43.63
ssp119,NGA.18265699,Bauchi,North East,0.71,23.77
ssp119,NGA.18265700,Bayelsa,South South,0.61,37.49
ssp119,NGA.18265701,Ebonyi,South East,0.68,32.45
ssp119,NGA.18265702,Ekiti,South West,0.68,10.2
ssp119,NGA.18265703,Enugu,South East,0.67,35.67
ssp119,NGA.18265704,Gombe,North East,0.7,17.8
ssp119,NGA.18265705,Nassarawa,North Central,0.69,25.52
ssp119,NGA.18265706,Ondo,South West,0.66,17.25
ssp119,NGA.18265707,Plateau,North Central,0.69,22.11
ssp119,NGA.18265708,Rivers,South South,0.63,43.04
ssp119,NGA.18265709,Sokoto,North West,0.74,15.42
ssp119,NGA.18265710,Zamfara,North West,0.72,21.6
ssp126,NGA.1822211,Adamawa,North East,1.03,32.95
ssp126,NGA.1822212,Akwa Ibom,South South,0.96,143.22
ssp126,NGA.1822213,Anambra,South East,1.1,56.67
ssp126,NGA.1822215,Benue,North Central,1.02,43.33
ssp126,NGA.1822216,Borno,North East,1.18,34.73
ssp126,NGA.1822217,Cross River,South South,1.03,85.66
ssp126,NGA.1822218,Delta,South South,1.01,66.29
ssp126,NGA.1822219,Edo,South South,1.06,39.25
ssp126,NGA.1822221,Abuja,North Central,1.12,47.08
ssp126,NGA.1822222,Imo,South East,1.01,91.48
ssp126,NGA.1822223,Jigawa,North West,1.12,37.36
ssp126,NGA.1822224,Kaduna,North West,1.06,44.73
ssp126,NGA.1822225,Kano,North West,1.08,41.16
ssp126,NGA.1822226,Katsina,North West,1.12,30.34
ssp126,NGA.1822227,Kebbi,North West,1.04,35.32
ssp126,NGA.1822228,Kogi,North Central,1.05,28.11
ssp126,NGA.1822229,Kwara,North Central,1.04,32.32
ssp126,NGA.1822230,Lagos,South West,1.15,13.02
ssp126,NGA.1822231,Niger,North Central,1.07,35.21
ssp126,NGA.1822232,Ogun,South West,1.06,8.52
ssp126,NGA.1822234,Osun,South West,1.12,23.91
ssp126,NGA.1822235,Oyo,South West,1.08,22.99
ssp126,NGA.1822239,Taraba,North East,1.01,52.18
ssp126,NGA.1822240,Yobe,North East,1.13,28.34
ssp126,NGA.18265698,Abia,South East,1.01,97.49
ssp126,NGA.18265699,Bauchi,North East,1.05,48.23
ssp126,NGA.18265700,Bayelsa,South South,1.0,106.88
ssp126,NGA.18265701,Ebonyi,South East,1.09,62.42
ssp126,NGA.18265702,Ekiti,South West,1.14,28.34
ssp126,NGA.18265703,Enugu,South East,1.12,66.0
ssp126,NGA.18265704,Gombe,North East,1.05,33.54
ssp126,NGA.18265705,Nassarawa,North Central,1.07,31.17
ssp126,NGA.18265706,Ondo,South West,1.04,21.67
ssp126,NGA.18265707,Plateau,North Central,1.1,27.29
ssp126,NGA.18265708,Rivers,South South,1.02,117.66
ssp126,NGA.18265709,Sokoto,North West,1.08,20.32
ssp126,NGA.18265710,Zamfara,North West,1.05,32.68
ssp245,NGA.1822211,Adamawa,North East,2.11,86.58
ssp245,NGA.1822212,Akwa Ibom,South South,1.99,236.68
ssp245,NGA.1822213,Anambra,South East,2.11,112.35
ssp245,NGA.1822215,Benue,North Central,2.08,89.26
ssp245,NGA.1822216,Borno,North East,2.18,60.04
ssp245,NGA.1822217,Cross River,South South,2.01,144.75
ssp245,NGA.1822218,Delta,South South,2.07,111.22
ssp245,NGA.1822219,Edo,South South,2.09,95.56
ssp245,NGA.1822221,Abuja,North Central,2.07,107.7
ssp245,NGA.1822222,Imo,South East,2.06,154.28
ssp245,NGA.1822223,Jigawa,North West,2.22,63.45
ssp245,NGA.1822224,Kaduna,North West,2.09,101.8
ssp245,NGA.1822225,Kano,North West,2.17,60.08
ssp245,NGA.1822226,Katsina,North West,2.18,68.86
ssp245,NGA.1822227,Kebbi,North West,2.15,80.61
ssp245,NGA.1822228,Kogi,North Central,2.11,96.53
ssp245,NGA.1822229,Kwara,North Central,2.13,74.45
ssp245,NGA.1822230,Lagos,South West,2.01,25.7
ssp245,NGA.1822231,Niger,North Central,2.07,105.88
ssp245,NGA.1822232,Ogun,South West,2.07,15.88
ssp245,NGA.1822234,Osun,South West,2.13,59.39
ssp245,NGA.1822235,Oyo,South West,2.06,45.06
ssp245,NGA.1822239,Taraba,North East,2.09,104.1
ssp245,NGA.1822240,Yobe,North East,2.24,55.42
ssp245,NGA.18265698,Abia,South East,2.03,164.25
ssp245,NGA.18265699,Bauchi,North East,2.08,79.01
ssp245,NGA.18265700,Bayelsa,South South,2.03,133.67
ssp245,NGA.18265701,Ebonyi,South East,2.07,115.8
ssp245,NGA.18265702,Ekiti,South West,2.14,83.73
ssp245,NGA.18265703,Enugu,South East,2.12,110.92
ssp245,NGA.18265704,Gombe,North East,2.05,60.77
ssp245,NGA.18265705,Nassarawa,North Central,2.03,86.61
ssp245,NGA.18265706,Ondo,South West,2.12,66.06
ssp245,NGA.18265707,Plateau,North Central,2.07,78.08
ssp245,NGA.18265708,Rivers,South South,2.03,170.74
ssp245,NGA.18265709,Sokoto,North West,2.26,56.64
ssp245,NGA.18265710,Zamfara,North West,2.14,65.57
ssp370,NGA.1822211,Adamawa,North East,3.1,128.3
ssp370,NGA.1822212,Akwa Ibom,South South,2.73,134.32
ssp370,NGA.1822213,Anambra,South East,2.83,87.56
ssp370,NGA.1822215,Benue,North Central,2.97,99.36
ssp370,NGA.1822216,Borno,North East,3.15,116.88
ssp370,NGA.1822217,Cross River,South South,2.74,141.66
ssp370,NGA.1822218,Delta,South South,2.75,103.94
ssp370,NGA.1822219,Edo,South South,2.84,40.65
ssp370,NGA.1822221,Abuja,North Central,3.12,159.12
ssp370,NGA.1822222,Imo,South East,2.77,90.8
ssp370,NGA.1822223,Jigawa,North West,3.26,117.03
ssp370,NGA.1822224,Kaduna,North West,3.12,132.54
ssp370,NGA.1822225,Kano,North West,3.17,122.21
ssp370,NGA.1822226,Katsina,North West,3.2,117.24
ssp370,NGA.1822227,Kebbi,North West,3.2,103.05
ssp370,NGA.1822228,Kogi,North Central,2.99,99.19
ssp370,NGA.1822229,Kwara,North Central,3.08,55.81
ssp370,NGA.1822230,Lagos,South West,2.61,2.53
ssp370,NGA.1822231,Niger,North Central,3.09,101.76
ssp370,NGA.1822232,Ogun,South West,2.72,-0.76
ssp370,NGA.1822234,Osun,South West,2.9,9.43
ssp370,NGA.1822235,Oyo,South West,2.93,37.5
ssp370,NGA.1822239,Taraba,North East,3.15,130.97
ssp370,NGA.1822240,Yobe,North East,3.25,97.49
ssp370,NGA.18265698,Abia,South East,2.77,139.26
ssp370,NGA.18265699,Bauchi,North East,3.15,115.44
ssp370,NGA.18265700,Bayelsa,South South,2.7,132.6
ssp370,NGA.18265701,Ebonyi,South East,2.8,114.18
ssp370,NGA.18265702,Ekiti,South West,2.97,37.45
ssp370,NGA.18265703,Enugu,South East,2.86,127.35
ssp370,NGA.18265704,Gombe,North East,3.14,113.95
ssp370,NGA.18265705,Nassarawa,North Central,3.07,134.4
ssp370,NGA.18265706,Ondo,South West,2.84,-1.62
ssp370,NGA.18265707,Plateau,North Central,3.13,102.6
ssp370,NGA.18265708,Rivers,South South,2.78,132.87
ssp370,NGA.18265709,Sokoto,North West,3.26,90.29
ssp370,NGA.18265710,Zamfara,North West,3.21,120.84
ssp585,NGA.1822211,Adamawa,North East,3.93,109.56
ssp585,NGA.1822212,Akwa Ibom,South South,3.54,356.42
ssp585,NGA.1822213,Anambra,South East,3.67,138.18
ssp585,NGA.1822215,Benue,North Central,3.76,88.71
ssp585,NGA.1822216,Borno,North East,4.19,125.6
ssp585,NGA.1822217,Cross River,South South,3.69,199.52
ssp585,NGA.1822218,Delta,South South,3.56,96.36
ssp585,NGA.1822219,Edo,South South,3.65,36.19
ssp585,NGA.1822221,Abuja,North Central,3.91,161.52
ssp585,NGA.1822222,Imo,South East,3.62,131.7
ssp585,NGA.1822223,Jigawa,North West,4.29,136.91
ssp585,NGA.1822224,Kaduna,North West,3.98,151.36
ssp585,NGA.1822225,Kano,North West,4.32,144.84
ssp585,NGA.1822226,Katsina,North West,4.3,149.48
ssp585,NGA.1822227,Kebbi,North West,4.3,132.59
ssp585,NGA.1822228,Kogi,North Central,3.85,110.09
ssp585,NGA.1822229,Kwara,North Central,3.85,96.08
ssp585,NGA.1822230,Lagos,South West,3.61,24.94
ssp585,NGA.1822231,Niger,North Central,3.85,107.47
ssp585,NGA.1822232,Ogun,South West,3.67,-8.93
ssp585,NGA.1822234,Osun,South West,3.78,28.06
ssp585,NGA.1822235,Oyo,South West,3.8,33.21
ssp585,NGA.1822239,Taraba,North East,3.92,127.24
ssp585,NGA.1822240,Yobe,North East,4.28,138.27
ssp585,NGA.18265698,Abia,South East,3.62,221.86
ssp585,NGA.18265699,Bauchi,North East,4.13,120.28
ssp585,NGA.18265700,Bayelsa,South South,3.46,202.04
ssp585,NGA.18265701,Ebonyi,South East,3.83,142.04
ssp585,NGA.18265702,Ekiti,South West,3.78,68.89
ssp585,NGA.18265703,Enugu,South East,3.79,144.8
ssp585,NGA.18265704,Gombe,North East,4.09,112.88
ssp585,NGA.18265705,Nassarawa,North Central,3.9,101.91
ssp585,NGA.18265706,Ondo,South West,3.7,2.87
ssp585,NGA.18265707,Plateau,North Central,3.96,106.84
ssp585,NGA.18265708,Rivers,South South,3.51,274.0
ssp585,NGA.18265709,Sokoto,North West,4.49,122.2
ssp585,NGA.18265710,Zamfara,North West,4.25,131.07
