pathway,model,variant,zone,state_count,temperature_anomaly_c,precipitation_anomaly_mm_year
ssp126,access-cm2,r1i1p1f1,North Central,7,2.18,30.43
ssp126,access-cm2,r1i1p1f1,North East,6,2.34,31.415
ssp126,access-cm2,r1i1p1f1,North West,7,2.27,79.36
ssp126,access-cm2,r1i1p1f1,South East,5,1.78,99.45
ssp126,access-cm2,r1i1p1f1,South South,6,1.635,236.595
ssp126,access-cm2,r1i1p1f1,South West,6,1.965,64.585
ssp126,access-esm1-5,r1i1p1f1,North Central,7,1.12,109.51
ssp126,access-esm1-5,r1i1p1f1,North East,6,0.925,110.81
ssp126,access-esm1-5,r1i1p1f1,North West,7,0.96,126.12
ssp126,access-esm1-5,r1i1p1f1,South East,5,1.09,24.67
ssp126,access-esm1-5,r1i1p1f1,South South,6,1.02,4.84
ssp126,access-esm1-5,r1i1p1f1,South West,6,1.21,24.42
ssp126,bcc-csm2-mr,r1i1p1f1,North Central,7,0.88,-9.82
ssp126,bcc-csm2-mr,r1i1p1f1,North East,6,0.775,-0.32
ssp126,bcc-csm2-mr,r1i1p1f1,North West,7,0.76,-6.03
ssp126,bcc-csm2-mr,r1i1p1f1,South East,5,0.8,11.92
ssp126,bcc-csm2-mr,r1i1p1f1,South South,6,0.745,-21.085
ssp126,bcc-csm2-mr,r1i1p1f1,South West,6,0.825,-22.015
ssp126,canesm5,r1i1p1f1,North Central,7,1.7,185.81
ssp126,canesm5,r1i1p1f1,North East,6,1.45,153.88
ssp126,canesm5,r1i1p1f1,North West,7,1.41,194.81
ssp126,canesm5,r1i1p1f1,South East,5,1.58,142.57
ssp126,canesm5,r1i1p1f1,South South,6,1.465,179.525
ssp126,canesm5,r1i1p1f1,South West,6,1.765,121.755
ssp126,cmcc-esm2,r1i1p1f1,North Central,7,1.22,130.25
ssp126,cmcc-esm2,r1i1p1f1,North East,6,1.375,125.58
ssp126,cmcc-esm2,r1i1p1f1,North West,7,1.32,162.51
ssp126,cmcc-esm2,r1i1p1f1,South East,5,1.26,187.17
ssp126,cmcc-esm2,r1i1p1f1,South South,6,1.215,173.925
ssp126,cmcc-esm2,r1i1p1f1,South West,6,1.2,149.145
ssp126,cnrm-cm6-1,r1i1p1f2,North Central,7,1.78,-35.46
ssp126,cnrm-cm6-1,r1i1p1f2,North East,6,1.83,-79.535
ssp126,cnrm-cm6-1,r1i1p1f2,North West,7,1.9,-102.0
ssp126,cnrm-cm6-1,r1i1p1f2,South East,5,1.73,-13.24
ssp126,cnrm-cm6-1,r1i1p1f2,South South,6,1.66,-24.94
ssp126,cnrm-cm6-1,r1i1p1f2,South West,6,1.73,-70.065
ssp126,cnrm-esm2-1,r1i1p1f2,North Central,7,1.59,8.24
ssp126,cnrm-esm2-1,r1i1p1f2,North East,6,1.59,25.4
ssp126,cnrm-esm2-1,r1i1p1f2,North West,7,1.6,21.21
ssp126,cnrm-esm2-1,r1i1p1f2,South East,5,1.63,20.11
ssp126,cnrm-esm2-1,r1i1p1f2,South South,6,1.645,29.765
ssp126,cnrm-esm2-1,r1i1p1f2,South West,6,1.62,-41.55
ssp126,ec-earth3,r1i1p1f1,North Central,7,1.05,125.59
ssp126,ec-earth3,r1i1p1f1,North East,6,0.99,87.105
ssp126,ec-earth3,r1i1p1f1,North West,7,0.97,124.12
ssp126,ec-earth3,r1i1p1f1,South East,5,0.92,9.02
ssp126,ec-earth3,r1i1p1f1,South South,6,1.0,-21.05
ssp126,ec-earth3,r1i1p1f1,South West,6,1.06,-27.78
ssp126,ec-earth3-veg-lr,r1i1p1f1,North Central,7,0.92,-18.52
ssp126,ec-earth3-veg-lr,r1i1p1f1,North East,6,0.755,58.91
ssp126,ec-earth3-veg-lr,r1i1p1f1,North West,7,0.68,54.06
ssp126,ec-earth3-veg-lr,r1i1p1f1,South East,5,0.81,-66.81
ssp126,ec-earth3-veg-lr,r1i1p1f1,South South,6,0.8,-79.59
ssp126,ec-earth3-veg-lr,r1i1p1f1,South West,6,0.895,-117.17
ssp126,fgoals-g3,r3i1p1f1,North Central,7,0.59,-62.37
ssp126,fgoals-g3,r3i1p1f1,North East,6,0.475,6.015
ssp126,fgoals-g3,r3i1p1f1,North West,7,0.5,12.07
ssp126,fgoals-g3,r3i1p1f1,South East,5,0.55,-126.43
ssp126,fgoals-g3,r3i1p1f1,South South,6,0.465,-189.15
ssp126,fgoals-g3,r3i1p1f1,South West,6,0.49,-57.695
ssp126,gfdl-esm4,r1i1p1f1,North Central,7,0.98,-73.62
ssp126,gfdl-esm4,r1i1p1f1,North East,6,1.115,-45.795
ssp126,gfdl-esm4,r1i1p1f1,North West,7,0.98,-30.68
ssp126,gfdl-esm4,r1i1p1f1,South East,5,0.9,68.66
ssp126,gfdl-esm4,r1i1p1f1,South South,6,0.92,77.855
ssp126,gfdl-esm4,r1i1p1f1,South West,6,0.93,-13.64
ssp126,giss-e2-1-g,r1i1p1f2,North Central,7,1.52,27.84
ssp126,giss-e2-1-g,r1i1p1f2,North East,6,1.47,19.355
ssp126,giss-e2-1-g,r1i1p1f2,North West,7,1.45,25.39
ssp126,giss-e2-1-g,r1i1p1f2,South East,5,1.43,-11.73
ssp126,giss-e2-1-g,r1i1p1f2,South South,6,1.32,-14.265
ssp126,giss-e2-1-g,r1i1p1f2,South West,6,1.44,16.565
ssp126,hadgem3-gc31-ll,r1i1p1f3,North Central,7,2.34,22.19
ssp126,hadgem3-gc31-ll,r1i1p1f3,North East,6,2.44,22.175
ssp126,hadgem3-gc31-ll,r1i1p1f3,North West,7,2.39,53.17
ssp126,hadgem3-gc31-ll,r1i1p1f3,South East,5,2.08,104.12
ssp126,hadgem3-gc31-ll,r1i1p1f3,South South,6,1.97,245.03
ssp126,hadgem3-gc31-ll,r1i1p1f3,South West,6,2.235,69.85
ssp126,hadgem3-gc31-mm,r1i1p1f3,North Central,7,2.49,-28.6
ssp126,hadgem3-gc31-mm,r1i1p1f3,North East,6,2.46,-25.26
ssp126,hadgem3-gc31-mm,r1i1p1f3,North West,7,2.49,-22.36
ssp126,hadgem3-gc31-mm,r1i1p1f3,South East,5,2.25,95.6
ssp126,hadgem3-gc31-mm,r1i1p1f3,South South,6,2.165,175.555
ssp126,hadgem3-gc31-mm,r1i1p1f3,South West,6,2.315,85.385
ssp126,inm-cm4-8,r1i1p1f1,North Central,7,0.54,74.12
ssp126,inm-cm4-8,r1i1p1f1,North East,6,0.37,53.845
ssp126,inm-cm4-8,r1i1p1f1,North West,7,0.37,54.04
ssp126,inm-cm4-8,r1i1p1f1,South East,5,0.47,56.87
ssp126,inm-cm4-8,r1i1p1f1,South South,6,0.405,111.03
ssp126,inm-cm4-8,r1i1p1f1,South West,6,0.525,23.68
ssp126,inm-cm5-0,r1i1p1f1,North Central,7,0.5,81.03
ssp126,inm-cm5-0,r1i1p1f1,North East,6,0.445,58.49
ssp126,inm-cm5-0,r1i1p1f1,North West,7,0.51,36.07
ssp126,inm-cm5-0,r1i1p1f1,South East,5,0.44,162.66
ssp126,inm-cm5-0,r1i1p1f1,South South,6,0.45,200.84
ssp126,inm-cm5-0,r1i1p1f1,South West,6,0.48,129.135
ssp126,ipsl-cm6a-lr,r1i1p1f1,North Central,7,1.07,49.01
ssp126,ipsl-cm6a-lr,r1i1p1f1,North East,6,1.02,63.61
ssp126,ipsl-cm6a-lr,r1i1p1f1,North West,7,1.04,70.8
ssp126,ipsl-cm6a-lr,r1i1p1f1,South East,5,1.0,25.41
ssp126,ipsl-cm6a-lr,r1i1p1f1,South South,6,0.955,-12.725
ssp126,ipsl-cm6a-lr,r1i1p1f1,South West,6,1.01,7.275
ssp126,kace-1-0-g,r1i1p1f1,North Central,7,2.28,-34.04
ssp126,kace-1-0-g,r1i1p1f1,North East,6,1.925,-5.35
ssp126,kace-1-0-g,r1i1p1f1,North West,7,2.08,-4.77
ssp126,kace-1-0-g,r1i1p1f1,South East,5,2.12,-83.6
ssp126,kace-1-0-g,r1i1p1f1,South South,6,1.955,97.23
ssp126,kace-1-0-g,r1i1p1f1,South West,6,2.33,-39.595
ssp126,kiost-esm,r1i1p1f1,North Central,7,1.07,
ssp126,kiost-esm,r1i1p1f1,North East,6,1.205,
ssp126,kiost-esm,r1i1p1f1,North West,7,1.14,
ssp126,kiost-esm,r1i1p1f1,South East,5,0.69,
ssp126,kiost-esm,r1i1p1f1,South South,6,0.635,
ssp126,kiost-esm,r1i1p1f1,South West,6,0.845,
ssp126,miroc-es2l,r1i1p1f2,North Central,7,0.87,90.82
ssp126,miroc-es2l,r1i1p1f2,North East,6,0.84,40.225
ssp126,miroc-es2l,r1i1p1f2,North West,7,0.86,37.36
ssp126,miroc-es2l,r1i1p1f2,South East,5,0.9,142.37
ssp126,miroc-es2l,r1i1p1f2,South South,6,0.92,154.505
ssp126,miroc-es2l,r1i1p1f2,South West,6,0.93,52.41
ssp126,miroc6,r1i1p1f1,North Central,7,0.97,15.64
ssp126,miroc6,r1i1p1f1,North East,6,0.79,34.28
ssp126,miroc6,r1i1p1f1,North West,7,1.03,7.5
ssp126,miroc6,r1i1p1f1,South East,5,0.94,60.41
ssp126,miroc6,r1i1p1f1,South South,6,0.895,65.92
ssp126,miroc6,r1i1p1f1,South West,6,0.875,28.87
ssp126,mpi-esm1-2-hr,r1i1p1f1,North Central,7,0.54,-9.74
ssp126,mpi-esm1-2-hr,r1i1p1f1,North East,6,0.54,-4.995
ssp126,mpi-esm1-2-hr,r1i1p1f1,North West,7,0.48,12.83
ssp126,mpi-esm1-2-hr,r1i1p1f1,South East,5,0.59,-139.86
ssp126,mpi-esm1-2-hr,r1i1p1f1,South South,6,0.51,-120.93
ssp126,mpi-esm1-2-hr,r1i1p1f1,South West,6,0.56,-82.55
ssp126,mpi-esm1-2-lr,r1i1p1f1,North Central,7,0.2,103.69
ssp126,mpi-esm1-2-lr,r1i1p1f1,North East,6,0.505,75.345
ssp126,mpi-esm1-2-lr,r1i1p1f1,North West,7,0.48,115.42
ssp126,mpi-esm1-2-lr,r1i1p1f1,South East,5,0.23,94.28
ssp126,mpi-esm1-2-lr,r1i1p1f1,South South,6,0.28,80.63
ssp126,mpi-esm1-2-lr,r1i1p1f1,South West,6,0.13,55.88
ssp126,mri-esm2-0,r1i1p1f1,North Central,7,1.45,20.72
ssp126,mri-esm2-0,r1i1p1f1,North East,6,1.44,21.28
ssp126,mri-esm2-0,r1i1p1f1,North West,7,1.48,13.4
ssp126,mri-esm2-0,r1i1p1f1,South East,5,1.32,173.93
ssp126,mri-esm2-0,r1i1p1f1,South South,6,1.315,253.53
ssp126,mri-esm2-0,r1i1p1f1,South West,6,1.39,107.085
ssp126,nesm3,r1i1p1f1,North Central,7,0.86,147.13
ssp126,nesm3,r1i1p1f1,North East,6,0.975,84.74
ssp126,nesm3,r1i1p1f1,North West,7,1.17,69.46
ssp126,nesm3,r1i1p1f1,South East,5,0.92,112.16
ssp126,nesm3,r1i1p1f1,South South,6,0.91,166.6
ssp126,nesm3,r1i1p1f1,South West,6,0.785,195.93
ssp126,noresm2-lm,r1i1p1f1,North Central,7,0.81,48.35
ssp126,noresm2-lm,r1i1p1f1,North East,6,0.985,26.755
ssp126,noresm2-lm,r1i1p1f1,North West,7,1.07,7.98
ssp126,noresm2-lm,r1i1p1f1,South East,5,1.1,62.42
ssp126,noresm2-lm,r1i1p1f1,South South,6,0.98,99.28
ssp126,noresm2-lm,r1i1p1f1,South West,6,0.875,14.685
ssp126,noresm2-mm,r1i1p1f1,North Central,7,1.26,2.2
ssp126,noresm2-mm,r1i1p1f1,North East,6,1.39,-18.765
ssp126,noresm2-mm,r1i1p1f1,North West,7,1.48,-28.92
ssp126,noresm2-mm,r1i1p1f1,South East,5,1.24,88.5
ssp126,noresm2-mm,r1i1p1f1,South South,6,1.155,215.77
ssp126,noresm2-mm,r1i1p1f1,South West,6,1.29,47.195
ssp126,ukesm1-0-ll,r1i1p1f2,North Central,7,1.81,109.98
ssp126,ukesm1-0-ll,r1i1p1f2,North East,6,1.92,75.78
ssp126,ukesm1-0-ll,r1i1p1f2,North West,7,1.82,99.17
ssp126,ukesm1-0-ll,r1i1p1f2,South East,5,1.77,203.64
ssp126,ukesm1-0-ll,r1i1p1f2,South South,6,1.745,356.73
ssp126,ukesm1-0-ll,r1i1p1f2,South West,6,1.83,67.185
ssp245,access-cm2,r1i1p1f1,North Central,7,3.16,81.04
ssp245,access-cm2,r1i1p1f1,North East,6,3.4,144.28
ssp245,access-cm2,r1i1p1f1,North West,7,3.43,209.9
ssp245,access-cm2,r1i1p1f1,South East,5,2.82,118.5
ssp245,access-cm2,r1i1p1f1,South South,6,2.625,292.475
ssp245,access-cm2,r1i1p1f1,South West,6,2.88,115.525
ssp245,access-esm1-5,r1i1p1f1,North Central,7,2.17,187.55
ssp245,access-esm1-5,r1i1p1f1,North East,6,2.09,173.195
ssp245,access-esm1-5,r1i1p1f1,North West,7,2.14,190.12
ssp245,access-esm1-5,r1i1p1f1,South East,5,2.07,187.6
ssp245,access-esm1-5,r1i1p1f1,South South,6,1.985,161.26
ssp245,access-esm1-5,r1i1p1f1,South West,6,2.18,122.045
ssp245,bcc-csm2-mr,r1i1p1f1,North Central,7,1.94,-77.05
ssp245,bcc-csm2-mr,r1i1p1f1,North East,6,2.03,-23.925
ssp245,bcc-csm2-mr,r1i1p1f1,North West,7,2.04,-14.72
ssp245,bcc-csm2-mr,r1i1p1f1,South East,5,1.85,-107.18
ssp245,bcc-csm2-mr,r1i1p1f1,South South,6,1.7,-140.08
ssp245,bcc-csm2-mr,r1i1p1f1,South West,6,1.775,-99.82
ssp245,canesm5,r1i1p1f1,North Central,7,2.95,243.31
ssp245,canesm5,r1i1p1f1,North East,6,2.645,241.345
ssp245,canesm5,r1i1p1f1,North West,7,2.27,336.7
ssp245,canesm5,r1i1p1f1,South East,5,2.88,201.09
ssp245,canesm5,r1i1p1f1,South South,6,2.675,247.755
ssp245,canesm5,r1i1p1f1,South West,6,3.11,141.04
ssp245,cmcc-esm2,r1i1p1f1,North Central,7,2.07,130.31
ssp245,cmcc-esm2,r1i1p1f1,North East,6,2.17,164.075
ssp245,cmcc-esm2,r1i1p1f1,North West,7,2.2,172.17
ssp245,cmcc-esm2,r1i1p1f1,South East,5,2.14,153.16
ssp245,cmcc-esm2,r1i1p1f1,South South,6,2.07,160.99
ssp245,cmcc-esm2,r1i1p1f1,South West,6,2.115,156.745
ssp245,cnrm-cm6-1,r1i1p1f2,North Central,7,2.96,-29.74
ssp245,cnrm-cm6-1,r1i1p1f2,North East,6,3.13,-42.77
ssp245,cnrm-cm6-1,r1i1p1f2,North West,7,3.25,-67.02
ssp245,cnrm-cm6-1,r1i1p1f2,South East,5,2.84,-1.86
ssp245,cnrm-cm6-1,r1i1p1f2,South South,6,2.71,9.435
ssp245,cnrm-cm6-1,r1i1p1f2,South West,6,2.75,-31.94
ssp245,cnrm-esm2-1,r1i1p1f2,North Central,7,2.91,1.39
ssp245,cnrm-esm2-1,r1i1p1f2,North East,6,2.925,34.375
ssp245,cnrm-esm2-1,r1i1p1f2,North West,7,3.04,30.75
ssp245,cnrm-esm2-1,r1i1p1f2,South East,5,2.94,46.93
ssp245,cnrm-esm2-1,r1i1p1f2,South South,6,2.85,54.87
ssp245,cnrm-esm2-1,r1i1p1f2,South West,6,3.015,-90.295
ssp245,ec-earth3,r1i1p1f1,North Central,7,1.96,342.61
ssp245,ec-earth3,r1i1p1f1,North East,6,2.105,213.79
ssp245,ec-earth3,r1i1p1f1,North West,7,2.19,278.91
ssp245,ec-earth3,r1i1p1f1,South East,5,1.99,211.71
ssp245,ec-earth3,r1i1p1f1,South South,6,2.08,131.475
ssp245,ec-earth3,r1i1p1f1,South West,6,2.155,15.72
ssp245,ec-earth3-veg-lr,r1i1p1f1,North Central,7,1.87,134.66
ssp245,ec-earth3-veg-lr,r1i1p1f1,North East,6,2.0,158.42
ssp245,ec-earth3-veg-lr,r1i1p1f1,North West,7,1.89,230.09
ssp245,ec-earth3-veg-lr,r1i1p1f1,South East,5,1.84,115.8
ssp245,ec-earth3-veg-lr,r1i1p1f1,South South,6,1.785,220.8
ssp245,ec-earth3-veg-lr,r1i1p1f1,South West,6,1.83,6.485
ssp245,fgoals-g3,r3i1p1f1,North Central,7,1.59,-75.26
ssp245,fgoals-g3,r3i1p1f1,North East,6,1.615,-13.7
ssp245,fgoals-g3,r3i1p1f1,North West,7,1.7,2.11
ssp245,fgoals-g3,r3i1p1f1,South East,5,1.4,-136.97
ssp245,fgoals-g3,r3i1p1f1,South South,6,1.29,-194.125
ssp245,fgoals-g3,r3i1p1f1,South West,6,1.505,-154.9
ssp245,gfdl-cm4,r1i1p1f1,North Central,7,2.14,-41.17
ssp245,gfdl-cm4,r1i1p1f1,North East,6,2.13,22.955
ssp245,gfdl-cm4,r1i1p1f1,North West,7,1.97,80.61
ssp245,gfdl-cm4,r1i1p1f1,South East,5,2.03,-48.56
ssp245,gfdl-cm4,r1i1p1f1,South South,6,2.055,-29.97
ssp245,gfdl-cm4,r1i1p1f1,South West,6,2.05,-43.815
ssp245,gfdl-esm4,r1i1p1f1,North Central,7,2.07,-115.47
ssp245,gfdl-esm4,r1i1p1f1,North East,6,2.05,-58.285
ssp245,gfdl-esm4,r1i1p1f1,North West,7,2.01,-44.58
ssp245,gfdl-esm4,r1i1p1f1,South East,5,1.94,-59.0
ssp245,gfdl-esm4,r1i1p1f1,South South,6,1.89,-77.74
ssp245,gfdl-esm4,r1i1p1f1,South West,6,2.01,-104.215
ssp245,giss-e2-1-g,r1i1p1f2,North Central,7,2.42,6.24
ssp245,giss-e2-1-g,r1i1p1f2,North East,6,2.63,9.305
ssp245,giss-e2-1-g,r1i1p1f2,North West,7,2.72,-0.78
ssp245,giss-e2-1-g,r1i1p1f2,South East,5,2.16,37.1
ssp245,giss-e2-1-g,r1i1p1f2,South South,6,2.075,84.285
ssp245,giss-e2-1-g,r1i1p1f2,South West,6,2.18,2.595
ssp245,hadgem3-gc31-ll,r1i1p1f3,North Central,7,3.2,36.85
ssp245,hadgem3-gc31-ll,r1i1p1f3,North East,6,3.425,48.975
ssp245,hadgem3-gc31-ll,r1i1p1f3,North West,7,3.34,87.94
ssp245,hadgem3-gc31-ll,r1i1p1f3,South East,5,3.03,96.59
ssp245,hadgem3-gc31-ll,r1i1p1f3,South South,6,2.92,217.61
ssp245,hadgem3-gc31-ll,r1i1p1f3,South West,6,3.045,89.085
ssp245,inm-cm4-8,r1i1p1f1,North Central,7,1.28,146.94
ssp245,inm-cm4-8,r1i1p1f1,North East,6,1.29,83.38
ssp245,inm-cm4-8,r1i1p1f1,North West,7,1.3,56.08
ssp245,inm-cm4-8,r1i1p1f1,South East,5,1.21,278.99
ssp245,inm-cm4-8,r1i1p1f1,South South,6,1.175,511.115
ssp245,inm-cm4-8,r1i1p1f1,South West,6,1.205,229.21
ssp245,inm-cm5-0,r1i1p1f1,North Central,7,1.01,144.52
ssp245,inm-cm5-0,r1i1p1f1,North East,6,1.01,95.515
ssp245,inm-cm5-0,r1i1p1f1,North West,7,1.06,80.63
ssp245,inm-cm5-0,r1i1p1f1,South East,5,1.02,315.61
ssp245,inm-cm5-0,r1i1p1f1,South South,6,0.995,490.135
ssp245,inm-cm5-0,r1i1p1f1,South West,6,1.005,273.325
ssp245,ipsl-cm6a-lr,r1i1p1f1,North Central,7,2.7,86.61
ssp245,ipsl-cm6a-lr,r1i1p1f1,North East,6,2.59,135.615
ssp245,ipsl-cm6a-lr,r1i1p1f1,North West,7,2.64,174.16
ssp245,ipsl-cm6a-lr,r1i1p1f1,South East,5,2.45,-3.15
ssp245,ipsl-cm6a-lr,r1i1p1f1,South South,6,2.295,-75.32
ssp245,ipsl-cm6a-lr,r1i1p1f1,South West,6,2.535,-104.76
ssp245,kace-1-0-g,r1i1p1f1,North Central,7,3.14,-48.78
ssp245,kace-1-0-g,r1i1p1f1,North East,6,3.005,-9.24
ssp245,kace-1-0-g,r1i1p1f1,North West,7,3.19,-14.17
ssp245,kace-1-0-g,r1i1p1f1,South East,5,2.91,-40.36
ssp245,kace-1-0-g,r1i1p1f1,South South,6,2.76,253.61
ssp245,kace-1-0-g,r1i1p1f1,South West,6,3.22,14.585
ssp245,kiost-esm,r1i1p1f1,North Central,7,2.46,
ssp245,kiost-esm,r1i1p1f1,North East,6,2.93,
ssp245,kiost-esm,r1i1p1f1,North West,7,3.04,
ssp245,kiost-esm,r1i1p1f1,South East,5,1.95,
ssp245,kiost-esm,r1i1p1f1,South South,6,1.895,
ssp245,kiost-esm,r1i1p1f1,South West,6,2.045,
ssp245,miroc-es2l,r1i1p1f2,North Central,7,1.82,187.47
ssp245,miroc-es2l,r1i1p1f2,North East,6,1.96,58.26
ssp245,miroc-es2l,r1i1p1f2,North West,7,1.99,37.04
ssp245,miroc-es2l,r1i1p1f2,South East,5,1.81,315.8
ssp245,miroc-es2l,r1i1p1f2,South South,6,1.785,309.605
ssp245,miroc-es2l,r1i1p1f2,South West,6,1.815,127.075
ssp245,miroc6,r1i1p1f1,North Central,7,2.05,83.64
ssp245,miroc6,r1i1p1f1,North East,6,1.55,75.115
ssp245,miroc6,r1i1p1f1,North West,7,1.77,56.05
ssp245,miroc6,r1i1p1f1,South East,5,2.05,131.38
ssp245,miroc6,r1i1p1f1,South South,6,1.805,109.215
ssp245,miroc6,r1i1p1f1,South West,6,1.845,36.9
ssp245,mpi-esm1-2-hr,r1i1p1f1,North Central,7,1.6,78.08
ssp245,mpi-esm1-2-hr,r1i1p1f1,North East,6,1.89,-23.905
ssp245,mpi-esm1-2-hr,r1i1p1f1,North West,7,1.76,40.54
ssp245,mpi-esm1-2-hr,r1i1p1f1,South East,5,1.72,-35.04
ssp245,mpi-esm1-2-hr,r1i1p1f1,South South,6,1.59,-50.455
ssp245,mpi-esm1-2-hr,r1i1p1f1,South West,6,1.735,-99.105
ssp245,mpi-esm1-2-lr,r1i1p1f1,North Central,7,1.15,153.2
ssp245,mpi-esm1-2-lr,r1i1p1f1,North East,6,1.475,131.715
ssp245,mpi-esm1-2-lr,r1i1p1f1,North West,7,1.38,198.14
ssp245,mpi-esm1-2-lr,r1i1p1f1,South East,5,1.24,134.31
ssp245,mpi-esm1-2-lr,r1i1p1f1,South South,6,1.185,133.685
ssp245,mpi-esm1-2-lr,r1i1p1f1,South West,6,1.045,62.005
ssp245,mri-esm2-0,r1i1p1f1,North Central,7,2.22,75.55
ssp245,mri-esm2-0,r1i1p1f1,North East,6,2.065,80.175
ssp245,mri-esm2-0,r1i1p1f1,North West,7,2.12,74.54
ssp245,mri-esm2-0,r1i1p1f1,South East,5,2.15,180.78
ssp245,mri-esm2-0,r1i1p1f1,South South,6,2.085,212.335
ssp245,mri-esm2-0,r1i1p1f1,South West,6,2.11,131.715
ssp245,nesm3,r1i1p1f1,North Central,7,1.86,195.32
ssp245,nesm3,r1i1p1f1,North East,6,2.09,140.09
ssp245,nesm3,r1i1p1f1,North West,7,2.35,156.72
ssp245,nesm3,r1i1p1f1,South East,5,1.9,160.28
ssp245,nesm3,r1i1p1f1,South South,6,1.865,193.605
ssp245,nesm3,r1i1p1f1,South West,6,1.715,213.245
ssp245,noresm2-lm,r1i1p1f1,North Central,7,1.89,73.1
ssp245,noresm2-lm,r1i1p1f1,North East,6,2.055,33.31
ssp245,noresm2-lm,r1i1p1f1,North West,7,2.21,24.45
ssp245,noresm2-lm,r1i1p1f1,South East,5,2.22,121.71
ssp245,noresm2-lm,r1i1p1f1,South South,6,1.95,204.655
ssp245,noresm2-lm,r1i1p1f1,South West,6,1.995,77.505
ssp245,noresm2-mm,r1i1p1f1,North Central,7,2.13,125.73
ssp245,noresm2-mm,r1i1p1f1,North East,6,2.28,33.725
ssp245,noresm2-mm,r1i1p1f1,North West,7,2.47,-1.92
ssp245,noresm2-mm,r1i1p1f1,South East,5,2.36,172.02
ssp245,noresm2-mm,r1i1p1f1,South South,6,2.135,235.665
ssp245,noresm2-mm,r1i1p1f1,South West,6,2.175,117.115
ssp245,ukesm1-0-ll,r1i1p1f2,North Central,7,3.42,77.48
ssp245,ukesm1-0-ll,r1i1p1f2,North East,6,3.54,83.1
ssp245,ukesm1-0-ll,r1i1p1f2,North West,7,3.48,136.84
ssp245,ukesm1-0-ll,r1i1p1f2,South East,5,3.31,136.52
ssp245,ukesm1-0-ll,r1i1p1f2,South South,6,3.14,303.195
ssp245,ukesm1-0-ll,r1i1p1f2,South West,6,3.325,66.67
ssp370,access-cm2,r1i1p1f1,North Central,7,4.23,38.73
ssp370,access-cm2,r1i1p1f1,North East,6,4.645,149.885
ssp370,access-cm2,r1i1p1f1,North West,7,4.72,274.37
ssp370,access-cm2,r1i1p1f1,South East,5,3.85,163.72
ssp370,access-cm2,r1i1p1f1,South South,6,3.605,503.505
ssp370,access-cm2,r1i1p1f1,South West,6,4.02,-26.175
ssp370,access-esm1-5,r1i1p1f1,North Central,7,3.31,55.93
ssp370,access-esm1-5,r1i1p1f1,North East,6,3.28,145.55
ssp370,access-esm1-5,r1i1p1f1,North West,7,3.45,120.84
ssp370,access-esm1-5,r1i1p1f1,South East,5,2.94,32.86
ssp370,access-esm1-5,r1i1p1f1,South South,6,2.755,61.11
ssp370,access-esm1-5,r1i1p1f1,South West,6,3.13,21.005
ssp370,bcc-csm2-mr,r1i1p1f1,North Central,7,3.4,-133.79
ssp370,bcc-csm2-mr,r1i1p1f1,North East,6,3.315,-45.875
ssp370,bcc-csm2-mr,r1i1p1f1,North West,7,3.25,-27.63
ssp370,bcc-csm2-mr,r1i1p1f1,South East,5,3.23,-164.41
ssp370,bcc-csm2-mr,r1i1p1f1,South South,6,2.985,-259.925
ssp370,bcc-csm2-mr,r1i1p1f1,South West,6,3.065,-170.975
ssp370,canesm5,r1i1p1f1,North Central,7,4.39,194.3
ssp370,canesm5,r1i1p1f1,North East,6,3.985,328.465
ssp370,canesm5,r1i1p1f1,North West,7,3.38,411.16
ssp370,canesm5,r1i1p1f1,South East,5,4.31,102.94
ssp370,canesm5,r1i1p1f1,South South,6,4.08,136.605
ssp370,canesm5,r1i1p1f1,South West,6,4.485,135.04
ssp370,cmcc-esm2,r1i1p1f1,North Central,7,2.31,51.02
ssp370,cmcc-esm2,r1i1p1f1,North East,6,2.745,113.625
ssp370,cmcc-esm2,r1i1p1f1,North West,7,2.85,142.46
ssp370,cmcc-esm2,r1i1p1f1,South East,5,2.4,78.52
ssp370,cmcc-esm2,r1i1p1f1,South South,6,2.41,77.99
ssp370,cmcc-esm2,r1i1p1f1,South West,6,2.27,227.23
ssp370,cnrm-cm6-1,r1i1p1f2,North Central,7,3.66,101.76
ssp370,cnrm-cm6-1,r1i1p1f2,North East,6,3.785,95.81
ssp370,cnrm-cm6-1,r1i1p1f2,North West,7,3.79,96.13
ssp370,cnrm-cm6-1,r1i1p1f2,South East,5,3.67,83.77
ssp370,cnrm-cm6-1,r1i1p1f2,South South,6,3.755,35.275
ssp370,cnrm-cm6-1,r1i1p1f2,South West,6,3.8,-2.25
ssp370,cnrm-esm2-1,r1i1p1f2,North Central,7,3.28,199.7
ssp370,cnrm-esm2-1,r1i1p1f2,North East,6,3.27,259.15
ssp370,cnrm-esm2-1,r1i1p1f2,North West,7,3.39,243.09
ssp370,cnrm-esm2-1,r1i1p1f2,South East,5,3.51,130.19
ssp370,cnrm-esm2-1,r1i1p1f2,South South,6,3.645,104.62
ssp370,cnrm-esm2-1,r1i1p1f2,South West,6,3.57,4.215
ssp370,ec-earth3,r1i1p1f1,North Central,7,2.86,603.43
ssp370,ec-earth3,r1i1p1f1,North East,6,2.88,463.385
ssp370,ec-earth3,r1i1p1f1,North West,7,2.71,640.32
ssp370,ec-earth3,r1i1p1f1,South East,5,2.59,358.62
ssp370,ec-earth3,r1i1p1f1,South South,6,2.785,202.88
ssp370,ec-earth3,r1i1p1f1,South West,6,2.87,147.65
ssp370,ec-earth3-veg-lr,r1i1p1f1,North Central,7,3.03,324.78
ssp370,ec-earth3-veg-lr,r1i1p1f1,North East,6,3.14,322.345
ssp370,ec-earth3-veg-lr,r1i1p1f1,North West,7,2.93,509.96
ssp370,ec-earth3-veg-lr,r1i1p1f1,South East,5,2.71,277.62
ssp370,ec-earth3-veg-lr,r1i1p1f1,South South,6,2.7,361.26
ssp370,ec-earth3-veg-lr,r1i1p1f1,South West,6,2.82,142.205
ssp370,fgoals-g3,r3i1p1f1,North Central,7,3.12,-128.74
ssp370,fgoals-g3,r3i1p1f1,North East,6,3.15,-5.165
ssp370,fgoals-g3,r3i1p1f1,North West,7,3.29,-5.2
ssp370,fgoals-g3,r3i1p1f1,South East,5,2.66,-245.04
ssp370,fgoals-g3,r3i1p1f1,South South,6,2.355,-378.315
ssp370,fgoals-g3,r3i1p1f1,South West,6,2.705,-190.12
ssp370,gfdl-esm4,r1i1p1f1,North Central,7,2.96,-183.9
ssp370,gfdl-esm4,r1i1p1f1,North East,6,3.16,-114.945
ssp370,gfdl-esm4,r1i1p1f1,North West,7,3.18,-96.38
ssp370,gfdl-esm4,r1i1p1f1,South East,5,2.81,-162.97
ssp370,gfdl-esm4,r1i1p1f1,South South,6,2.755,-134.86
ssp370,gfdl-esm4,r1i1p1f1,South West,6,2.795,-196.895
ssp370,giss-e2-1-g,r1i1p1f2,North Central,7,3.07,-94.87
ssp370,giss-e2-1-g,r1i1p1f2,North East,6,3.465,-18.885
ssp370,giss-e2-1-g,r1i1p1f2,North West,7,3.63,-17.48
ssp370,giss-e2-1-g,r1i1p1f2,South East,5,2.82,-109.04
ssp370,giss-e2-1-g,r1i1p1f2,South South,6,2.735,-78.315
ssp370,giss-e2-1-g,r1i1p1f2,South West,6,2.855,-163.145
ssp370,inm-cm4-8,r1i1p1f1,North Central,7,2.01,241.94
ssp370,inm-cm4-8,r1i1p1f1,North East,6,1.99,169.14
ssp370,inm-cm4-8,r1i1p1f1,North West,7,1.97,142.09
ssp370,inm-cm4-8,r1i1p1f1,South East,5,1.86,451.35
ssp370,inm-cm4-8,r1i1p1f1,South South,6,1.81,715.94
ssp370,inm-cm4-8,r1i1p1f1,South West,6,1.9,361.205
ssp370,inm-cm5-0,r1i1p1f1,North Central,7,1.78,159.12
ssp370,inm-cm5-0,r1i1p1f1,North East,6,1.985,103.41
ssp370,inm-cm5-0,r1i1p1f1,North West,7,2.04,95.04
ssp370,inm-cm5-0,r1i1p1f1,South East,5,1.76,441.29
ssp370,inm-cm5-0,r1i1p1f1,South South,6,1.69,653.73
ssp370,inm-cm5-0,r1i1p1f1,South West,6,1.605,332.01
ssp370,ipsl-cm6a-lr,r1i1p1f1,North Central,7,4.02,134.4
ssp370,ipsl-cm6a-lr,r1i1p1f1,North East,6,4.02,187.78
ssp370,ipsl-cm6a-lr,r1i1p1f1,North West,7,4.06,224.52
ssp370,ipsl-cm6a-lr,r1i1p1f1,South East,5,3.56,29.12
ssp370,ipsl-cm6a-lr,r1i1p1f1,South South,6,3.425,-75.075
ssp370,ipsl-cm6a-lr,r1i1p1f1,South West,6,3.66,-39.725
ssp370,kace-1-0-g,r1i1p1f1,North Central,7,3.95,26.51
ssp370,kace-1-0-g,r1i1p1f1,North East,6,4.005,80.84
ssp370,kace-1-0-g,r1i1p1f1,North West,7,4.29,32.49
ssp370,kace-1-0-g,r1i1p1f1,South East,5,3.69,40.92
ssp370,kace-1-0-g,r1i1p1f1,South South,6,3.615,390.085
ssp370,kace-1-0-g,r1i1p1f1,South West,6,4.11,-23.49
ssp370,miroc-es2l,r1i1p1f2,North Central,7,2.37,196.67
ssp370,miroc-es2l,r1i1p1f2,North East,6,2.68,123.175
ssp370,miroc-es2l,r1i1p1f2,North West,7,2.51,98.42
ssp370,miroc-es2l,r1i1p1f2,South East,5,2.48,306.16
ssp370,miroc-es2l,r1i1p1f2,South South,6,2.465,271.64
ssp370,miroc-es2l,r1i1p1f2,South West,6,2.365,75.29
ssp370,miroc6,r1i1p1f1,North Central,7,2.53,27.93
ssp370,miroc6,r1i1p1f1,North East,6,2.4,82.56
ssp370,miroc6,r1i1p1f1,North West,7,2.65,37.31
ssp370,miroc6,r1i1p1f1,South East,5,2.42,76.72
ssp370,miroc6,r1i1p1f1,South South,6,2.35,19.835
ssp370,miroc6,r1i1p1f1,South West,6,2.335,5.445
ssp370,mpi-esm1-2-hr,r1i1p1f1,North Central,7,2.17,314.12
ssp370,mpi-esm1-2-hr,r1i1p1f1,North East,6,2.51,176.09
ssp370,mpi-esm1-2-hr,r1i1p1f1,North West,7,2.56,217.42
ssp370,mpi-esm1-2-hr,r1i1p1f1,South East,5,2.52,138.52
ssp370,mpi-esm1-2-hr,r1i1p1f1,South South,6,2.485,-22.635
ssp370,mpi-esm1-2-hr,r1i1p1f1,South West,6,1.875,220.67
ssp370,mpi-esm1-2-lr,r1i1p1f1,North Central,7,1.78,339.03
ssp370,mpi-esm1-2-lr,r1i1p1f1,North East,6,2.4,270.35
ssp370,mpi-esm1-2-lr,r1i1p1f1,North West,7,2.4,392.71
ssp370,mpi-esm1-2-lr,r1i1p1f1,South East,5,2.18,280.48
ssp370,mpi-esm1-2-lr,r1i1p1f1,South South,6,2.085,294.19
ssp370,mpi-esm1-2-lr,r1i1p1f1,South West,6,1.5,340.04
ssp370,mri-esm2-0,r1i1p1f1,North Central,7,3.03,-0.03
ssp370,mri-esm2-0,r1i1p1f1,North East,6,3.115,71.185
ssp370,mri-esm2-0,r1i1p1f1,North West,7,3.2,46.96
ssp370,mri-esm2-0,r1i1p1f1,South East,5,2.9,92.97
ssp370,mri-esm2-0,r1i1p1f1,South South,6,2.905,90.25
ssp370,mri-esm2-0,r1i1p1f1,South West,6,3.03,-26.02
ssp370,noresm2-lm,r1i1p1f1,North Central,7,2.76,144.31
ssp370,noresm2-lm,r1i1p1f1,North East,6,2.985,129.135
ssp370,noresm2-lm,r1i1p1f1,North West,7,3.21,117.24
ssp370,noresm2-lm,r1i1p1f1,South East,5,2.79,127.69
ssp370,noresm2-lm,r1i1p1f1,South South,6,2.655,216.68
ssp370,noresm2-lm,r1i1p1f1,South West,6,2.685,146.12
ssp370,noresm2-mm,r1i1p1f1,North Central,7,3.16,197.35
ssp370,noresm2-mm,r1i1p1f1,North East,6,3.61,118.31
ssp370,noresm2-mm,r1i1p1f1,North West,7,3.79,54.68
ssp370,noresm2-mm,r1i1p1f1,South East,5,3.2,248.32
ssp370,noresm2-mm,r1i1p1f1,South South,6,3.035,385.035
ssp370,noresm2-mm,r1i1p1f1,South West,6,2.975,249.9
ssp370,ukesm1-0-ll,r1i1p1f2,North Central,7,4.42,110.63
ssp370,ukesm1-0-ll,r1i1p1f2,North East,6,4.53,108.58
ssp370,ukesm1-0-ll,r1i1p1f2,North West,7,4.52,139.62
ssp370,ukesm1-0-ll,r1i1p1f2,South East,5,4.49,302.87
ssp370,ukesm1-0-ll,r1i1p1f2,South South,6,4.25,616.7
ssp370,ukesm1-0-ll,r1i1p1f2,South West,6,4.47,-52.805
ssp585,access-cm2,r1i1p1f1,North Central,7,5.62,-1.53
ssp585,access-cm2,r1i1p1f1,North East,6,5.955,141.33
ssp585,access-cm2,r1i1p1f1,North West,7,5.98,235.67
ssp585,access-cm2,r1i1p1f1,South East,5,5.07,22.55
ssp585,access-cm2,r1i1p1f1,South South,6,4.66,393.43
ssp585,access-cm2,r1i1p1f1,South West,6,5.3,-28.88
ssp585,access-esm1-5,r1i1p1f1,North Central,7,3.91,73.16
ssp585,access-esm1-5,r1i1p1f1,North East,6,4.11,127.695
ssp585,access-esm1-5,r1i1p1f1,North West,7,4.29,110.16
ssp585,access-esm1-5,r1i1p1f1,South East,5,3.56,6.77
ssp585,access-esm1-5,r1i1p1f1,South South,6,3.36,18.98
ssp585,access-esm1-5,r1i1p1f1,South West,6,3.695,5.29
ssp585,bcc-csm2-mr,r1i1p1f1,North Central,7,3.58,-205.62
ssp585,bcc-csm2-mr,r1i1p1f1,North East,6,3.855,-86.335
ssp585,bcc-csm2-mr,r1i1p1f1,North West,7,3.88,-80.15
ssp585,bcc-csm2-mr,r1i1p1f1,South East,5,3.38,-294.75
ssp585,bcc-csm2-mr,r1i1p1f1,South South,6,3.17,-433.025
ssp585,bcc-csm2-mr,r1i1p1f1,South West,6,3.175,-283.76
ssp585,canesm5,r1i1p1f1,North Central,7,5.62,228.69
ssp585,canesm5,r1i1p1f1,North East,6,5.505,310.665
ssp585,canesm5,r1i1p1f1,North West,7,5.08,397.03
ssp585,canesm5,r1i1p1f1,South East,5,5.34,165.16
ssp585,canesm5,r1i1p1f1,South South,6,5.085,202.66
ssp585,canesm5,r1i1p1f1,South West,6,5.69,114.015
ssp585,cmcc-esm2,r1i1p1f1,North Central,7,3.69,125.47
ssp585,cmcc-esm2,r1i1p1f1,North East,6,4.14,122.06
ssp585,cmcc-esm2,r1i1p1f1,North West,7,4.33,151.73
ssp585,cmcc-esm2,r1i1p1f1,South East,5,3.57,256.14
ssp585,cmcc-esm2,r1i1p1f1,South South,6,3.505,350.77
ssp585,cmcc-esm2,r1i1p1f1,South West,6,3.535,359.445
ssp585,cnrm-cm6-1,r1i1p1f2,North Central,7,5.27,106.44
ssp585,cnrm-cm6-1,r1i1p1f2,North East,6,5.37,78.745
ssp585,cnrm-cm6-1,r1i1p1f2,North West,7,5.54,67.05
ssp585,cnrm-cm6-1,r1i1p1f2,South East,5,5.2,131.7
ssp585,cnrm-cm6-1,r1i1p1f2,South South,6,5.12,100.365
ssp585,cnrm-cm6-1,r1i1p1f2,South West,6,5.25,-23.96
ssp585,cnrm-esm2-1,r1i1p1f2,North Central,7,4.69,160.69
ssp585,cnrm-esm2-1,r1i1p1f2,North East,6,4.59,189.97
ssp585,cnrm-esm2-1,r1i1p1f2,North West,7,4.65,189.01
ssp585,cnrm-esm2-1,r1i1p1f2,South East,5,4.74,98.91
ssp585,cnrm-esm2-1,r1i1p1f2,South South,6,4.615,56.385
ssp585,cnrm-esm2-1,r1i1p1f2,South West,6,4.885,-23.505
ssp585,ec-earth3,r1i1p1f1,North Central,7,2.81,709.36
ssp585,ec-earth3,r1i1p1f1,North East,6,2.985,573.44
ssp585,ec-earth3,r1i1p1f1,North West,7,3.06,801.32
ssp585,ec-earth3,r1i1p1f1,South East,5,2.81,310.55
ssp585,ec-earth3,r1i1p1f1,South South,6,3.065,-40.585
ssp585,ec-earth3,r1i1p1f1,South West,6,3.095,-105.45
ssp585,ec-earth3-veg-lr,r1i1p1f1,North Central,7,2.88,460.21
ssp585,ec-earth3-veg-lr,r1i1p1f1,North East,6,3.165,455.305
ssp585,ec-earth3-veg-lr,r1i1p1f1,North West,7,3.34,697.44
ssp585,ec-earth3-veg-lr,r1i1p1f1,South East,5,2.91,388.9
ssp585,ec-earth3-veg-lr,r1i1p1f1,South South,6,3.015,331.06
ssp585,ec-earth3-veg-lr,r1i1p1f1,South West,6,2.93,17.04
ssp585,fgoals-g3,r3i1p1f1,North Central,7,3.19,-222.91
ssp585,fgoals-g3,r3i1p1f1,North East,6,3.405,-60.815
ssp585,fgoals-g3,r3i1p1f1,North West,7,3.54,-26.13
ssp585,fgoals-g3,r3i1p1f1,South East,5,2.69,-346.43
ssp585,fgoals-g3,r3i1p1f1,South South,6,2.335,-502.0
ssp585,fgoals-g3,r3i1p1f1,South West,6,2.725,-290.86
ssp585,gfdl-cm4,r1i1p1f1,North Central,7,4.31,-62.77
ssp585,gfdl-cm4,r1i1p1f1,North East,6,4.38,-2.85
ssp585,gfdl-cm4,r1i1p1f1,North West,7,4.22,42.69
ssp585,gfdl-cm4,r1i1p1f1,South East,5,4.13,-109.73
ssp585,gfdl-cm4,r1i1p1f1,South South,6,4.015,-98.35
ssp585,gfdl-cm4,r1i1p1f1,South West,6,4.115,-106.925
ssp585,gfdl-esm4,r1i1p1f1,North Central,7,3.62,-236.5
ssp585,gfdl-esm4,r1i1p1f1,North East,6,3.74,-139.76
ssp585,gfdl-esm4,r1i1p1f1,North West,7,3.79,-112.64
ssp585,gfdl-esm4,r1i1p1f1,South East,5,3.54,-211.7
ssp585,gfdl-esm4,r1i1p1f1,South South,6,3.405,-225.3
ssp585,gfdl-esm4,r1i1p1f1,South West,6,3.46,-224.135
ssp585,giss-e2-1-g,r1i1p1f2,North Central,7,4.06,-122.13
ssp585,giss-e2-1-g,r1i1p1f2,North East,6,4.605,-13.665
ssp585,giss-e2-1-g,r1i1p1f2,North West,7,4.96,-65.3
ssp585,giss-e2-1-g,r1i1p1f2,South East,5,3.67,-135.27
ssp585,giss-e2-1-g,r1i1p1f2,South South,6,3.55,-144.76
ssp585,giss-e2-1-g,r1i1p1f2,South West,6,3.8,-142.665
ssp585,hadgem3-gc31-ll,r1i1p1f3,North Central,7,5.72,61.61
ssp585,hadgem3-gc31-ll,r1i1p1f3,North East,6,6.125,100.545
ssp585,hadgem3-gc31-ll,r1i1p1f3,North West,7,6.13,131.07
ssp585,hadgem3-gc31-ll,r1i1p1f3,South East,5,5.29,170.69
ssp585,hadgem3-gc31-ll,r1i1p1f3,South South,6,5.045,499.995
ssp585,hadgem3-gc31-ll,r1i1p1f3,South West,6,5.4,84.035
ssp585,hadgem3-gc31-mm,r1i1p1f3,North Central,7,5.93,-3.53
ssp585,hadgem3-gc31-mm,r1i1p1f3,North East,6,6.15,52.58
ssp585,hadgem3-gc31-mm,r1i1p1f3,North West,7,6.32,61.71
ssp585,hadgem3-gc31-mm,r1i1p1f3,South East,5,5.36,198.89
ssp585,hadgem3-gc31-mm,r1i1p1f3,South South,6,5.16,259.285
ssp585,hadgem3-gc31-mm,r1i1p1f3,South West,6,5.425,33.01
ssp585,inm-cm4-8,r1i1p1f1,North Central,7,2.52,397.81
ssp585,inm-cm4-8,r1i1p1f1,North East,6,2.52,231.305
ssp585,inm-cm4-8,r1i1p1f1,North West,7,2.56,210.42
ssp585,inm-cm4-8,r1i1p1f1,South East,5,2.34,745.3
ssp585,inm-cm4-8,r1i1p1f1,South South,6,2.275,1055.97
ssp585,inm-cm4-8,r1i1p1f1,South West,6,2.35,565.285
ssp585,inm-cm5-0,r1i1p1f1,North Central,7,2.25,238.43
ssp585,inm-cm5-0,r1i1p1f1,North East,6,2.35,159.81
ssp585,inm-cm5-0,r1i1p1f1,North West,7,2.44,139.38
ssp585,inm-cm5-0,r1i1p1f1,South East,5,2.16,542.44
ssp585,inm-cm5-0,r1i1p1f1,South South,6,2.105,802.135
ssp585,inm-cm5-0,r1i1p1f1,South West,6,2.165,399.71
ssp585,ipsl-cm6a-lr,r1i1p1f1,North Central,7,5.3,100.94
ssp585,ipsl-cm6a-lr,r1i1p1f1,North East,6,5.28,224.895
ssp585,ipsl-cm6a-lr,r1i1p1f1,North West,7,5.39,223.22
ssp585,ipsl-cm6a-lr,r1i1p1f1,South East,5,4.79,-106.23
ssp585,ipsl-cm6a-lr,r1i1p1f1,South South,6,4.55,-197.47
ssp585,ipsl-cm6a-lr,r1i1p1f1,South West,6,4.92,-106.365
ssp585,kace-1-0-g,r1i1p1f1,North Central,7,5.22,-9.23
ssp585,kace-1-0-g,r1i1p1f1,North East,6,5.285,26.53
ssp585,kace-1-0-g,r1i1p1f1,North West,7,5.52,24.08
ssp585,kace-1-0-g,r1i1p1f1,South East,5,4.79,24.54
ssp585,kace-1-0-g,r1i1p1f1,South South,6,4.53,342.435
ssp585,kace-1-0-g,r1i1p1f1,South West,6,5.2,-43.525
ssp585,kiost-esm,r1i1p1f1,North Central,7,3.89,
ssp585,kiost-esm,r1i1p1f1,North East,6,5.0,
ssp585,kiost-esm,r1i1p1f1,North West,7,5.17,
ssp585,kiost-esm,r1i1p1f1,South East,5,2.96,
ssp585,kiost-esm,r1i1p1f1,South South,6,2.89,
ssp585,kiost-esm,r1i1p1f1,South West,6,3.255,
ssp585,miroc-es2l,r1i1p1f2,North Central,7,3.57,254.69
ssp585,miroc-es2l,r1i1p1f2,North East,6,3.49,186.105
ssp585,miroc-es2l,r1i1p1f2,North West,7,3.47,201.57
ssp585,miroc-es2l,r1i1p1f2,South East,5,3.41,326.99
ssp585,miroc-es2l,r1i1p1f2,South South,6,3.305,257.665
ssp585,miroc-es2l,r1i1p1f2,South West,6,3.405,146.2
ssp585,miroc6,r1i1p1f1,North Central,7,3.74,86.52
ssp585,miroc6,r1i1p1f1,North East,6,3.55,101.39
ssp585,miroc6,r1i1p1f1,North West,7,3.74,76.94
ssp585,miroc6,r1i1p1f1,South East,5,3.61,106.21
ssp585,miroc6,r1i1p1f1,South South,6,3.29,14.34
ssp585,miroc6,r1i1p1f1,South West,6,3.39,36.895
ssp585,mpi-esm1-2-hr,r1i1p1f1,North Central,7,2.08,559.8
ssp585,mpi-esm1-2-hr,r1i1p1f1,North East,6,2.335,420.465
ssp585,mpi-esm1-2-hr,r1i1p1f1,North West,7,2.39,475.45
ssp585,mpi-esm1-2-hr,r1i1p1f1,South East,5,2.63,287.3
ssp585,mpi-esm1-2-hr,r1i1p1f1,South South,6,2.56,219.405
ssp585,mpi-esm1-2-hr,r1i1p1f1,South West,6,1.86,358.53
ssp585,mpi-esm1-2-lr,r1i1p1f1,North Central,7,2.1,591.38
ssp585,mpi-esm1-2-lr,r1i1p1f1,North East,6,2.56,419.91
ssp585,mpi-esm1-2-lr,r1i1p1f1,North West,7,2.68,572.96
ssp585,mpi-esm1-2-lr,r1i1p1f1,South East,5,2.54,598.94
ssp585,mpi-esm1-2-lr,r1i1p1f1,South South,6,2.31,609.585
ssp585,mpi-esm1-2-lr,r1i1p1f1,South West,6,1.76,464.025
ssp585,mri-esm2-0,r1i1p1f1,North Central,7,4.15,-73.72
ssp585,mri-esm2-0,r1i1p1f1,North East,6,4.34,28.805
ssp585,mri-esm2-0,r1i1p1f1,North West,7,4.56,22.93
ssp585,mri-esm2-0,r1i1p1f1,South East,5,3.74,22.7
ssp585,mri-esm2-0,r1i1p1f1,South South,6,3.68,173.97
ssp585,mri-esm2-0,r1i1p1f1,South West,6,4.085,-17.685
ssp585,nesm3,r1i1p1f1,North Central,7,4.1,520.61
ssp585,nesm3,r1i1p1f1,North East,6,3.61,547.57
ssp585,nesm3,r1i1p1f1,North West,7,4.09,721.87
ssp585,nesm3,r1i1p1f1,South East,5,4.08,368.0
ssp585,nesm3,r1i1p1f1,South South,6,3.885,432.53
ssp585,nesm3,r1i1p1f1,South West,6,3.805,451.21
ssp585,noresm2-lm,r1i1p1f1,North Central,7,3.76,161.51
ssp585,noresm2-lm,r1i1p1f1,North East,6,4.11,116.535
ssp585,noresm2-lm,r1i1p1f1,North West,7,4.45,97.8
ssp585,noresm2-lm,r1i1p1f1,South East,5,3.94,248.2
ssp585,noresm2-lm,r1i1p1f1,South South,6,3.64,430.02
ssp585,noresm2-lm,r1i1p1f1,South West,6,3.675,228.135
ssp585,noresm2-mm,r1i1p1f1,North Central,7,4.11,191.33
ssp585,noresm2-mm,r1i1p1f1,North East,6,4.545,60.26
ssp585,noresm2-mm,r1i1p1f1,North West,7,4.92,-10.86
ssp585,noresm2-mm,r1i1p1f1,South East,5,4.46,271.99
ssp585,noresm2-mm,r1i1p1f1,South South,6,4.175,406.105
ssp585,noresm2-mm,r1i1p1f1,South West,6,4.175,153.755
ssp585,ukesm1-0-ll,r1i1p1f2,North Central,7,5.8,153.69
ssp585,ukesm1-0-ll,r1i1p1f2,North East,6,6.165,158.505
ssp585,ukesm1-0-ll,r1i1p1f2,North West,7,6.04,209.51
ssp585,ukesm1-0-ll,r1i1p1f2,South East,5,5.67,280.06
ssp585,ukesm1-0-ll,r1i1p1f2,South South,6,5.34,719.25
ssp585,ukesm1-0-ll,r1i1p1f2,South West,6,5.71,52.71
