year,discount_factor,pv_damage_per_pulse_usd,scc_usd_per_tco2,pulse_size_tco2,delta_emissions_tco2,discounted_delta_usd
2025,1.0,307.63145135637967,307.63145135637967,1.0,0.0,0.0
2026,0.9790537043293258,303.742843353457,310.24124826893717,1.0,0.0,0.0
2027,0.9578751873001176,299.7443906461558,312.9263547279267,1.0,0.0,0.0
2028,0.9366802611666571,295.7463065424182,315.73880522907496,1.0,0.0,0.0
2029,0.9159887360493375,292.0641534689201,318.8512499930881,1.0,0.0,0.0
2030,0.8958181206938158,288.3577826261541,321.89322359634735,1.0,0.0,0.0
2031,0.876206124887668,284.95806818627204,325.2180737983365,1.0,0.0,0.0
2032,0.8569967772070224,281.52733684612184,328.50454556390247,1.0,0.0,0.0
2033,0.8382914972013941,278.3795753354964,332.079683815065,1.0,0.0,0.0
2034,0.8202091368262047,275.1900848394038,335.51209378653175,1.0,0.0,0.0
2035,0.8027698641362773,272.1363254650219,338.99668836948814,1.0,0.0,0.0
2036,0.785856202697478,269.3967632028429,342.80668941484385,1.0,0.0,0.0
2037,0.7693074424191477,266.1309334640914,345.9357323090776,1.0,0.0,0.0
2038,0.7531194815003293,263.56329391385356,349.96212471996495,1.0,0.0,0.0
2039,0.7373090592092542,261.01692160164765,354.01290454993443,1.0,0.0,0.0
2040,0.7215893381014333,258.38340953750424,358.0754258611058,1.0,0.0,0.0
2041,0.7060905256111096,255.9215264087051,362.44860556259306,1.0,0.0,0.0
2042,0.6909986483968569,253.2229551678147,366.4594073451541,1.0,0.0,0.0
2043,0.6763373198341884,250.56756784136772,370.47721675745635,1.0,0.0,0.0
2044,0.6621194862769771,248.22836256240618,374.89964833713947,1.0,0.0,0.0
2045,0.6483434745581952,246.32494637375925,379.9297070763518,1.0,0.0,0.0
2046,0.6350780284413512,244.17591876603004,384.4817610291165,1.0,0.0,0.0
2047,0.6222127119389945,242.0786559120231,389.0609292723,1.0,0.0,0.0
2048,0.6095949515606591,239.6370006741091,393.1085716189096,1.0,0.0,0.0
2049,0.59724490674357,237.9015308281561,398.3316193105691,1.0,0.0,0.0
2050,0.5851251158887691,235.95454535858195,403.2548577242005,1.0,0.0,0.0
2051,0.5731655115285079,233.73879851575663,407.8033200086063,1.0,0.0,0.0
2052,0.5614658982919378,231.77135582534115,412.7968528995685,1.0,0.0,0.0
2053,0.5500016675312703,229.96601379114998,418.11875739099514,1.0,0.0,0.0
2054,0.5388129715687128,227.81928969498392,422.8170101987439,1.0,0.0,0.0
2055,0.5279211548282132,226.22682337307253,428.523883356573,1.0,0.0,0.0
2056,0.5173446329033803,224.4011636901053,433.7556619283893,1.0,0.0,0.0
2057,0.5071907226157046,223.0276287347073,439.73128606237145,1.0,0.0,0.0
2058,0.49743858730107415,221.45688805403705,445.1944294381821,1.0,0.0,0.0
2059,0.48790425861428766,219.60833157596153,450.10537969001973,1.0,0.0,0.0
2060,0.478500931229645,217.86067835514856,455.2983372368644,1.0,0.0,0.0
2061,0.4692167209982494,216.2205835503053,460.81176112032034,1.0,0.0,0.0
2062,0.4600507294965797,214.69094252063627,466.66797541124737,1.0,0.0,0.0
2063,0.45106182476173556,212.99835219987546,472.2154270368316,1.0,0.0,0.0
2064,0.4423188724981886,211.4623481844833,478.0767028776266,1.0,0.0,0.0
2065,0.4337883864057159,209.98859773841653,484.08072765234726,1.0,0.0,0.0
2066,0.4254677968983484,208.4209333737771,489.86300465784126,1.0,0.0,0.0
2067,0.41734557381521625,206.7175281171791,495.31501251455774,1.0,0.0,0.0
2068,0.4094699305970354,205.56873007128786,502.0362051287978,1.0,0.0,0.0
2069,0.40184885373561813,204.66518686836824,509.3088731392034,1.0,0.0,0.0
2070,0.3944872555336672,203.35709960807299,515.4972606984958,1.0,0.0,0.0
2071,0.3872988525231448,202.02272588248687,521.6197377460965,1.0,0.0,0.0
2072,0.3802548654280193,201.00968406164654,528.618309289449,1.0,0.0,0.0
2073,0.3733408429976041,199.8157185595275,535.2099088735647,1.0,0.0,0.0
2074,0.3664913495395127,198.36900084479134,541.2651651779423,1.0,0.0,0.0
2075,0.35978144316458105,196.9791554329867,547.4967071686326,1.0,0.0,0.0
2076,0.3531800324330951,195.94691913433118,554.8074668446907,1.0,0.0,0.0
2077,0.3466972341933897,194.8899905591349,562.1330986748632,1.0,0.0,0.0
2078,0.34037041447666894,193.88983937511327,569.6436327264973,1.0,0.0,0.0
2079,0.33419674394542886,192.7411553736787,576.7296027430821,1.0,0.0,0.0
2080,0.3282449380974457,191.52345615466294,583.4772571505904,1.0,0.0,0.0
2081,0.3225401023188346,190.81151903774568,591.5900617192906,1.0,0.0,0.0
2082,0.31700513339722797,190.01588753707523,599.4094969401426,1.0,0.0,0.0
2083,0.31158306460686025,188.97026006671206,606.4843745764719,1.0,0.0,0.0
2084,0.3061597841437345,188.27097965937944,614.9435340958786,1.0,0.0,0.0
2085,0.30071060430398255,187.15052982956922,622.3609249256217,1.0,0.0,0.0
2086,0.29533912385785127,186.0476450518012,629.9458149044526,1.0,0.0,0.0
2087,0.2900777401117163,185.19381794634643,638.4282291878847,1.0,0.0,0.0
2088,0.284933516442593,184.4138303867626,647.2170515044248,1.0,0.0,0.0
2089,0.27993029748936016,183.6359882519015,656.0061197337216,1.0,0.0,0.0
2090,0.27507130916953015,183.1088062249349,665.6775902138252,1.0,0.0,0.0
2091,0.2703524521692146,182.13110325728758,673.6802340645722,1.0,0.0,0.0
2092,0.2658162749795375,181.62760412940412,683.2824820202818,1.0,0.0,0.0
2093,0.2613865766077571,180.8026262638861,691.7058580831517,1.0,0.0,0.0
2094,0.2570268682148966,180.08370597093096,700.6415602448436,1.0,0.0,0.0
2095,0.2527580462414058,179.24978043572233,709.1753679110309,1.0,0.0,0.0
2096,0.24852982011757566,178.61000674666653,718.6663019438427,1.0,0.0,0.0
2097,0.2442753077694463,178.17826180057088,729.4157703763508,1.0,0.0,0.0
2098,0.24007609844927333,177.46346419183158,739.1967186159874,1.0,0.0,0.0
2099,0.23599293067377533,176.99667754388136,750.0083881264757,1.0,0.0,0.0
2100,0.23201823240839492,176.39242851981734,760.2524452015224,1.0,0.0,0.0
2101,0.22816686786334092,0.0,,1.0,0.0,0.0
2102,0.22444506933188602,0.0,,1.0,0.0,0.0
2103,0.220844245025184,0.0,,1.0,0.0,0.0
2104,0.2172734657276736,0.0,,1.0,0.0,0.0
2105,0.21374750898441675,0.0,,1.0,0.0,0.0
2106,0.21027428503582302,0.0,,1.0,0.0,0.0
2107,0.20684483834363715,0.0,,1.0,0.0,0.0
2108,0.20344386285791605,0.0,,1.0,0.0,0.0
2109,0.20009948698271401,0.0,,1.0,0.0,0.0
2110,0.19682768427167893,0.0,,1.0,0.0,0.0
2111,0.19363688255860795,0.0,,1.0,0.0,0.0
2112,0.1905317592821481,0.0,,1.0,0.0,0.0
2113,0.18751540572516626,0.0,,1.0,0.0,0.0
2114,0.18459385197535613,0.0,,1.0,0.0,0.0
2115,0.18173149060812938,0.0,,1.0,0.0,0.0
2116,0.1789167992221247,0.0,,1.0,0.0,0.0
2117,0.17615672862616275,0.0,,1.0,0.0,0.0
2118,0.17340506181876564,0.0,,1.0,0.0,0.0
2119,0.17065880918880047,0.0,,1.0,0.0,0.0
2120,0.16795780845175987,0.0,,1.0,0.0,0.0
2121,0.16532420058034786,0.0,,1.0,0.0,0.0
2122,0.16275648093384293,0.0,,1.0,0.0,0.0
2123,0.160266160606083,0.0,,1.0,0.0,0.0
2124,0.15786339837988206,0.0,,1.0,0.0,0.0
2125,0.15552751479574772,0.0,,1.0,0.0,0.0
2126,0.1532105736384282,0.0,,1.0,0.0,0.0
2127,0.15092357752718186,0.0,,1.0,0.0,0.0
2128,0.1486666338048876,0.0,,1.0,0.0,0.0
2129,0.14643124674026514,0.0,,1.0,0.0,0.0
2130,0.14420958647903115,0.0,,1.0,0.0,0.0
2131,0.14202596314723995,0.0,,1.0,0.0,0.0
2132,0.1398902574050407,0.0,,1.0,0.0,0.0
2133,0.13781101448228378,0.0,,1.0,0.0,0.0
2134,0.1357952270052204,0.0,,1.0,0.0,0.0
2135,0.13384306171637467,0.0,,1.0,0.0,0.0
2136,0.1319277968190293,0.0,,1.0,0.0,0.0
2137,0.13003965786730223,0.0,,1.0,0.0,0.0
2138,0.12817654016787763,0.0,,1.0,0.0,0.0
2139,0.12631442767717233,0.0,,1.0,0.0,0.0
2140,0.12448159752979204,0.0,,1.0,0.0,0.0
2141,0.12266872468242407,0.0,,1.0,0.0,0.0
2142,0.12088182807375708,0.0,,1.0,0.0,0.0
2143,0.11913125416075086,0.0,,1.0,0.0,0.0
2144,0.11741785653448715,0.0,,1.0,0.0,0.0
2145,0.1157481523245399,0.0,,1.0,0.0,0.0
2146,0.11412253229674314,0.0,,1.0,0.0,0.0
2147,0.11252744993711994,0.0,,1.0,0.0,0.0
2148,0.11095551355000415,0.0,,1.0,0.0,0.0
2149,0.10941042833999919,0.0,,1.0,0.0,0.0
2150,0.1078929227177078,0.0,,1.0,0.0,0.0
2151,0.1063951402800578,0.0,,1.0,0.0,0.0
2152,0.10492013789203859,0.0,,1.0,0.0,0.0
2153,0.10347222379273528,0.0,,1.0,0.0,0.0
2154,0.10205199733154913,0.0,,1.0,0.0,0.0
2155,0.1006605319455006,0.0,,1.0,0.0,0.0
2156,0.09930035007307769,0.0,,1.0,0.0,0.0
2157,0.09797717932099209,0.0,,1.0,0.0,0.0
2158,0.09669222111519635,0.0,,1.0,0.0,0.0
2159,0.09543065457724303,0.0,,1.0,0.0,0.0
2160,0.09418618820699962,0.0,,1.0,0.0,0.0
2161,0.09295489820212881,0.0,,1.0,0.0,0.0
2162,0.09171561639590813,0.0,,1.0,0.0,0.0
2163,0.09049585215346753,0.0,,1.0,0.0,0.0
2164,0.08928734208014122,0.0,,1.0,0.0,0.0
2165,0.08809382258256727,0.0,,1.0,0.0,0.0
2166,0.08692220620350287,0.0,,1.0,0.0,0.0
2167,0.08577640515893802,0.0,,1.0,0.0,0.0
2168,0.0846641029410889,0.0,,1.0,0.0,0.0
2169,0.08359742101217549,0.0,,1.0,0.0,0.0
2170,0.08257472200381358,0.0,,1.0,0.0,0.0
2171,0.08155560777795633,0.0,,1.0,0.0,0.0
2172,0.08053668251210312,0.0,,1.0,0.0,0.0
2173,0.07950466632568672,0.0,,1.0,0.0,0.0
2174,0.07848252310131512,0.0,,1.0,0.0,0.0
2175,0.0774716059575892,0.0,,1.0,0.0,0.0
2176,0.07646548453145778,0.0,,1.0,0.0,0.0
2177,0.07547475563580347,0.0,,1.0,0.0,0.0
2178,0.07450982818888814,0.0,,1.0,0.0,0.0
2179,0.07357364973743413,0.0,,1.0,0.0,0.0
2180,0.07267040338250545,0.0,,1.0,0.0,0.0
2181,0.07179188677785733,0.0,,1.0,0.0,0.0
2182,0.07092527905174652,0.0,,1.0,0.0,0.0
2183,0.07006592813334687,0.0,,1.0,0.0,0.0
2184,0.06920421438853157,0.0,,1.0,0.0,0.0
2185,0.0683482287704144,0.0,,1.0,0.0,0.0
2186,0.06750043156367848,0.0,,1.0,0.0,0.0
2187,0.06665907474774685,0.0,,1.0,0.0,0.0
2188,0.06583072598842096,0.0,,1.0,0.0,0.0
2189,0.0650221122843642,0.0,,1.0,0.0,0.0
2190,0.06423336666050551,0.0,,1.0,0.0,0.0
2191,0.06346914102348936,0.0,,1.0,0.0,0.0
2192,0.06272840685183163,0.0,,1.0,0.0,0.0
2193,0.06199496438077157,0.0,,1.0,0.0,0.0
2194,0.06126797102344829,0.0,,1.0,0.0,0.0
2195,0.06054776266426802,0.0,,1.0,0.0,0.0
2196,0.05982377587182202,0.0,,1.0,0.0,0.0
2197,0.05911092852874367,0.0,,1.0,0.0,0.0
2198,0.05840342551976704,0.0,,1.0,0.0,0.0
2199,0.057704191604835094,0.0,,1.0,0.0,0.0
2200,0.057417106074462786,0.0,,1.0,0.0,0.0
2201,0.05713144883031124,0.0,,1.0,0.0,0.0
2202,0.05684721276647885,0.0,,1.0,0.0,0.0
2203,0.05656439081241677,0.0,,1.0,0.0,0.0
2204,0.05628297593275301,0.0,,1.0,0.0,0.0
2205,0.05600296112711743,0.0,,1.0,0.0,0.0
2206,0.0557243394299676,0.0,,1.0,0.0,0.0
2207,0.05544710391041553,0.0,,1.0,0.0,0.0
2208,0.05517124767205526,0.0,,1.0,0.0,0.0
2209,0.05489676385279131,0.0,,1.0,0.0,0.0
2210,0.054623645624667976,0.0,,1.0,0.0,0.0
2211,0.05435188619369948,0.0,,1.0,0.0,0.0
2212,0.05408147879970098,0.0,,1.0,0.0,0.0
2213,0.05381241671612039,0.0,,1.0,0.0,0.0
2214,0.05354469324987104,0.0,,1.0,0.0,0.0
2215,0.05327830174116522,0.0,,1.0,0.0,0.0
2216,0.053013235563348485,0.0,,1.0,0.0,0.0
2217,0.05274948812273482,0.0,,1.0,0.0,0.0
2218,0.052487052858442615,0.0,,1.0,0.0,0.0
2219,0.052225923242231465,0.0,,1.0,0.0,0.0
2220,0.05196609277833977,0.0,,1.0,0.0,0.0
2221,0.05170755500332316,0.0,,1.0,0.0,0.0
2222,0.0514503034858937,0.0,,1.0,0.0,0.0
2223,0.051194331826759906,0.0,,1.0,0.0,0.0
2224,0.05093963365846758,0.0,,1.0,0.0,0.0
2225,0.050686202645241374,0.0,,1.0,0.0,0.0
2226,0.05043403248282724,0.0,,1.0,0.0,0.0
2227,0.050183116898335565,0.0,,1.0,0.0,0.0
2228,0.04993344965008514,0.0,,1.0,0.0,0.0
2229,0.049685024527447906,0.0,,1.0,0.0,0.0
2230,0.04943783535069444,0.0,,1.0,0.0,0.0
2231,0.049191875970840244,0.0,,1.0,0.0,0.0
2232,0.04894714026949278,0.0,,1.0,0.0,0.0
2233,0.04870362215869929,0.0,,1.0,0.0,0.0
2234,0.04846131558079532,0.0,,1.0,0.0,0.0
2235,0.048220214508254054,0.0,,1.0,0.0,0.0
2236,0.04798031294353638,0.0,,1.0,0.0,0.0
2237,0.04774160491894167,0.0,,1.0,0.0,0.0
2238,0.04750408449645938,0.0,,1.0,0.0,0.0
2239,0.04726774576762128,0.0,,1.0,0.0,0.0
2240,0.04703258285335451,0.0,,1.0,0.0,0.0
2241,0.046798589903835335,0.0,,1.0,0.0,0.0
2242,0.04656576109834362,0.0,,1.0,0.0,0.0
2243,0.04633409064511804,0.0,,1.0,0.0,0.0
2244,0.04610357278121198,0.0,,1.0,0.0,0.0
2245,0.045874201772350236,0.0,,1.0,0.0,0.0
2246,0.04564597191278631,0.0,,1.0,0.0,0.0
2247,0.045418877525160516,0.0,,1.0,0.0,0.0
2248,0.045192912960358725,0.0,,1.0,0.0,0.0
2249,0.04496807259737187,0.0,,1.0,0.0,0.0
2250,0.044744350843156096,0.0,,1.0,0.0,0.0
2251,0.04452174213249363,0.0,,1.0,0.0,0.0
2252,0.04430024092785436,0.0,,1.0,0.0,0.0
2253,0.04407984171925807,0.0,,1.0,0.0,0.0
2254,0.04386053902413739,0.0,,1.0,0.0,0.0
2255,0.04364232738720139,0.0,,1.0,0.0,0.0
2256,0.04342520138029989,0.0,,1.0,0.0,0.0
2257,0.043209155602288454,0.0,,1.0,0.0,0.0
2258,0.04299418467889399,0.0,,1.0,0.0,0.0
2259,0.042780283262581084,0.0,,1.0,0.0,0.0
2260,0.04256744603241899,0.0,,1.0,0.0,0.0
2261,0.04235566769394925,0.0,,1.0,0.0,0.0
2262,0.04214494297905399,0.0,,1.0,0.0,0.0
2263,0.04193526664582487,0.0,,1.0,0.0,0.0
2264,0.04172663347843271,0.0,,1.0,0.0,0.0
2265,0.041519038286997725,0.0,,1.0,0.0,0.0
2266,0.04131247590746043,0.0,,1.0,0.0,0.0
2267,0.04110694120145317,0.0,,1.0,0.0,0.0
2268,0.040902429056172314,0.0,,1.0,0.0,0.0
2269,0.04069893438425106,0.0,,1.0,0.0,0.0
2270,0.0404964521236329,0.0,,1.0,0.0,0.0
2271,0.04029497723744568,0.0,,1.0,0.0,0.0
2272,0.0400945047138763,0.0,,1.0,0.0,0.0
2273,0.03989502956604608,0.0,,1.0,0.0,0.0
2274,0.03969654683188665,0.0,,1.0,0.0,0.0
2275,0.03949905157401657,0.0,,1.0,0.0,0.0
2276,0.03930253887961848,0.0,,1.0,0.0,0.0
2277,0.0391070038603169,0.0,,1.0,0.0,0.0
2278,0.03891244165205662,0.0,,1.0,0.0,0.0
2279,0.038718847414981716,0.0,,1.0,0.0,0.0
2280,0.03852621633331514,0.0,,1.0,0.0,0.0
2281,0.03833454361523895,0.0,,1.0,0.0,0.0
2282,0.03814382449277508,0.0,,1.0,0.0,0.0
2283,0.03795405422166675,0.0,,1.0,0.0,0.0
2284,0.03776522808126045,0.0,,1.0,0.0,0.0
2285,0.037577341374388507,0.0,,1.0,0.0,0.0
2286,0.03739038942725225,0.0,,1.0,0.0,0.0
2287,0.037204367589305724,0.0,,1.0,0.0,0.0
2288,0.03701927123314003,0.0,,1.0,0.0,0.0
2289,0.03683509575436819,0.0,,1.0,0.0,0.0
2290,0.036651836571510645,0.0,,1.0,0.0,0.0
2291,0.036469489125881244,0.0,,1.0,0.0,0.0
2292,0.036288048881473876,0.0,,1.0,0.0,0.0
2293,0.036107511324849635,0.0,,1.0,0.0,0.0
2294,0.03592787196502452,0.0,,1.0,0.0,0.0
2295,0.035749126333357736,0.0,,1.0,0.0,0.0
2296,0.03557126998344054,0.0,,1.0,0.0,0.0
2297,0.03539429849098562,0.0,,1.0,0.0,0.0
2298,0.03521820745371704,0.0,,1.0,0.0,0.0
2299,0.035042992491260735,0.0,,1.0,0.0,0.0
2300,0.03486864924503556,0.0,,1.0,0.0,0.0
2301,0.034695173378144845,0.0,,1.0,0.0,0.0
2302,0.03452256057526851,0.0,,1.0,0.0,0.0
2303,0.034350806542555734,0.0,,1.0,0.0,0.0
2304,0.03417990700751815,0.0,,1.0,0.0,0.0
2305,0.034009857718923536,0.0,,1.0,0.0,0.0
2306,0.03384065444669009,0.0,,1.0,0.0,0.0
2307,0.03367229298178119,0.0,,1.0,0.0,0.0
2308,0.03350476913610069,0.0,,1.0,0.0,0.0
2309,0.03333807874238875,0.0,,1.0,0.0,0.0
2310,0.03317221765411816,0.0,,1.0,0.0,0.0
2311,0.033007181745391204,0.0,,1.0,0.0,0.0
2312,0.032842966910837025,0.0,,1.0,0.0,0.0
2313,0.03267956906550948,0.0,,1.0,0.0,0.0
2314,0.03251698414478556,0.0,,1.0,0.0,0.0
2315,0.03235520810426424,0.0,,1.0,0.0,0.0
2316,0.032194236919665914,0.0,,1.0,0.0,0.0
2317,0.03203406658673225,0.0,,1.0,0.0,0.0
2318,0.031874693121126625,0.0,,1.0,0.0,0.0
2319,0.03171611255833495,0.0,,1.0,0.0,0.0
2320,0.03155832095356712,0.0,,1.0,0.0,0.0
2321,0.03140131438165883,0.0,,1.0,0.0,0.0
2322,0.03124508893697396,0.0,,1.0,0.0,0.0
2323,0.031089640733307427,0.0,,1.0,0.0,0.0
2324,0.030934965903788487,0.0,,1.0,0.0,0.0
2325,0.030781060600784567,0.0,,1.0,0.0,0.0
2326,0.03062792099580554,0.0,,1.0,0.0,0.0
2327,0.030475543279408504,0.0,,1.0,0.0,0.0
2328,0.03032392366110299,0.0,,1.0,0.0,0.0
2329,0.03017305836925671,0.0,,1.0,0.0,0.0
2330,0.030022943651001707,0.0,,1.0,0.0,0.0
2331,0.029873575772141007,0.0,,1.0,0.0,0.0
2332,0.02972495101705573,0.0,,1.0,0.0,0.0
2333,0.02957706568861267,0.0,,1.0,0.0,0.0
2334,0.029429916108072312,0.0,,1.0,0.0,0.0
2335,0.02928349861499733,0.0,,1.0,0.0,0.0
2336,0.029137809567161523,0.0,,1.0,0.0,0.0
2337,0.02899284534045923,0.0,,1.0,0.0,0.0
2338,0.028848602328815157,0.0,,1.0,0.0,0.0
2339,0.028705076944094687,0.0,,1.0,0.0,0.0
2340,0.028562265616014618,0.0,,1.0,0.0,0.0
2341,0.02842016479205435,0.0,,1.0,0.0,0.0
2342,0.028278770937367515,0.0,,1.0,0.0,0.0
2343,0.02813808053469405,0.0,,1.0,0.0,0.0
2344,0.02799809008427269,0.0,,1.0,0.0,0.0
2345,0.027858796103753924,0.0,,1.0,0.0,0.0
2346,0.02772019512811336,0.0,,1.0,0.0,0.0
2347,0.027582283709565534,0.0,,1.0,0.0,0.0
2348,0.027445058417478147,0.0,,1.0,0.0,0.0
2349,0.027308515838286716,0.0,,1.0,0.0,0.0
2350,0.02717265257540967,0.0,,1.0,0.0,0.0
2351,0.027037465249163853,0.0,,1.0,0.0,0.0
2352,0.026902950496680452,0.0,,1.0,0.0,0.0
2353,0.026769104971821348,0.0,,1.0,0.0,0.0
2354,0.02663592534509587,0.0,,1.0,0.0,0.0
2355,0.02650340830357798,0.0,,1.0,0.0,0.0
2356,0.026371550550823866,0.0,,1.0,0.0,0.0
2357,0.02624034880678992,0.0,,1.0,0.0,0.0
2358,0.026109799807751168,0.0,,1.0,0.0,0.0
2359,0.02597990030622007,0.0,,1.0,0.0,0.0
2360,0.025850647070865745,0.0,,1.0,0.0,0.0
2361,0.02572203688643358,0.0,,1.0,0.0,0.0
2362,0.025594066553665255,0.0,,1.0,0.0,0.0
2363,0.025466732889219162,0.0,,1.0,0.0,0.0
2364,0.02534003272559121,0.0,,1.0,0.0,0.0
2365,0.025213962911036034,0.0,,1.0,0.0,0.0
2366,0.025088520309488594,0.0,,1.0,0.0,0.0
2367,0.024963701800486165,0.0,,1.0,0.0,0.0
2368,0.024839504279090714,0.0,,1.0,0.0,0.0
2369,0.02471592465581166,0.0,,1.0,0.0,0.0
2370,0.024592959856529015,0.0,,1.0,0.0,0.0
2371,0.024470606822416932,0.0,,1.0,0.0,0.0
2372,0.0243488625098676,0.0,,1.0,0.0,0.0
2373,0.024227723890415522,0.0,,1.0,0.0,0.0
2374,0.024107187950662214,0.0,,1.0,0.0,0.0
2375,0.02398725169220121,0.0,,1.0,0.0,0.0
2376,0.023867912131543496,0.0,,1.0,0.0,0.0
2377,0.023749166300043284,0.0,,1.0,0.0,0.0
2378,0.023631011243824166,0.0,,1.0,0.0,0.0
2379,0.02351344402370564,0.0,,1.0,0.0,0.0
2380,0.023396461715129994,0.0,,1.0,0.0,0.0
2381,0.02328006140808955,0.0,,1.0,0.0,0.0
2382,0.02316424020705428,0.0,,1.0,0.0,0.0
2383,0.02304899523089978,0.0,,1.0,0.0,0.0
2384,0.022934323612835605,0.0,,1.0,0.0,0.0
2385,0.02282022250033394,0.0,,1.0,0.0,0.0
2386,0.022706689055058647,0.0,,1.0,0.0,0.0
2387,0.022593720452794678,0.0,,1.0,0.0,0.0
2388,0.02248131388337779,0.0,,1.0,0.0,0.0
2389,0.02236946655062467,0.0,,1.0,0.0,0.0
2390,0.022258175672263354,0.0,,1.0,0.0,0.0
2391,0.022147438479864036,0.0,,1.0,0.0,0.0
2392,0.022037252218770186,0.0,,1.0,0.0,0.0
2393,0.021927614148030038,0.0,,1.0,0.0,0.0
2394,0.021818521540328397,0.0,,1.0,0.0,0.0
2395,0.021709971681918804,0.0,,1.0,0.0,0.0
2396,0.021601961872556027,0.0,,1.0,0.0,0.0
2397,0.021494489425428885,0.0,,1.0,0.0,0.0
2398,0.02138755166709342,0.0,,1.0,0.0,0.0
2399,0.02128114593740639,0.0,,1.0,0.0,0.0
2400,0.021175269589459096,0.0,,1.0,0.0,0.0
2401,0.02106991998951154,0.0,,1.0,0.0,0.0
2402,0.020965094516926908,0.0,,1.0,0.0,0.0
2403,0.020860790564106377,0.0,,1.0,0.0,0.0
2404,0.020757005536424258,0.0,,1.0,0.0,0.0
2405,0.020653736852163443,0.0,,1.0,0.0,0.0
2406,0.02055098194245119,0.0,,1.0,0.0,0.0
2407,0.020448738251195215,0.0,,1.0,0.0,0.0
2408,0.020347003235020117,0.0,,1.0,0.0,0.0
2409,0.0202457743632041,0.0,,1.0,0.0,0.0
2410,0.020145049117616023,0.0,,1.0,0.0,0.0
2411,0.02004482499265276,0.0,,1.0,0.0,0.0
2412,0.01994509949517688,0.0,,1.0,0.0,0.0
2413,0.01984587014445461,0.0,,1.0,0.0,0.0
2414,0.01974713447209414,0.0,,1.0,0.0,0.0
2415,0.019648890021984222,0.0,,1.0,0.0,0.0
2416,0.01955113435023306,0.0,,1.0,0.0,0.0
2417,0.019453865025107524,0.0,,1.0,0.0,0.0
2418,0.019357079626972664,0.0,,1.0,0.0,0.0
2419,0.01926077574823151,0.0,,1.0,0.0,0.0
2420,0.019164950993265185,0.0,,1.0,0.0,0.0
2421,0.01906960297837332,0.0,,1.0,0.0,0.0
2422,0.01897472933171475,0.0,,1.0,0.0,0.0
2423,0.01888032769324851,0.0,,1.0,0.0,0.0
2424,0.018786395714675136,0.0,,1.0,0.0,0.0
2425,0.01869293105937825,0.0,,1.0,0.0,0.0
2426,0.018599931402366418,0.0,,1.0,0.0,0.0
2427,0.018507394430215342,0.0,,1.0,0.0,0.0
2428,0.018415317841010293,0.0,,1.0,0.0,0.0
2429,0.01832369934428885,0.0,,1.0,0.0,0.0
2430,0.01823253666098393,0.0,,1.0,0.0,0.0
2431,0.0181418275233671,0.0,,1.0,0.0,0.0
2432,0.01805156967499214,0.0,,1.0,0.0,0.0
2433,0.017961760870638947,0.0,,1.0,0.0,0.0
2434,0.01787239887625766,0.0,,1.0,0.0,0.0
2435,0.017783481468913096,0.0,,1.0,0.0,0.0
2436,0.01769500643672945,0.0,,1.0,0.0,0.0
2437,0.017606971578835277,0.0,,1.0,0.0,0.0
2438,0.017519374705308736,0.0,,1.0,0.0,0.0
2439,0.017432213637123124,0.0,,1.0,0.0,0.0
2440,0.01734548620609266,0.0,,1.0,0.0,0.0
2441,0.01725919025481857,0.0,,1.0,0.0,0.0
2442,0.017173323636635394,0.0,,1.0,0.0,0.0
2443,0.017087884215557608,0.0,,1.0,0.0,0.0
2444,0.017002869866226476,0.0,,1.0,0.0,0.0
2445,0.01691827847385719,0.0,,1.0,0.0,0.0
2446,0.01683410793418626,0.0,,1.0,0.0,0.0
2447,0.016750356153419167,0.0,,1.0,0.0,0.0
2448,0.016667021048178278,0.0,,1.0,0.0,0.0
2449,0.016584100545451026,0.0,,1.0,0.0,0.0
2450,0.016501592582538336,0.0,,1.0,0.0,0.0
2451,0.016419495107003322,0.0,,1.0,0.0,0.0
2452,0.016337806076620224,0.0,,1.0,0.0,0.0
2453,0.01625652345932361,0.0,,1.0,0.0,0.0
2454,0.016175645233157822,0.0,,1.0,0.0,0.0
2455,0.01609516938622669,0.0,,1.0,0.0,0.0
2456,0.016015093916643474,0.0,,1.0,0.0,0.0
2457,0.01593541683248107,0.0,,1.0,0.0,0.0
2458,0.01585613615172246,0.0,,1.0,0.0,0.0
2459,0.015777249902211406,0.0,,1.0,0.0,0.0
2460,0.015698756121603392,0.0,,1.0,0.0,0.0
2461,0.01562065285731681,0.0,,1.0,0.0,0.0
2462,0.01554293816648439,0.0,,1.0,0.0,0.0
2463,0.015465610115904867,0.0,,1.0,0.0,0.0
2464,0.015388666781994895,0.0,,1.0,0.0,0.0
2465,0.01531210625074119,0.0,,1.0,0.0,0.0
2466,0.015235926617652927,0.0,,1.0,0.0,0.0
2467,0.015160125987714356,0.0,,1.0,0.0,0.0
2468,0.01508470247533767,0.0,,1.0,0.0,0.0
2469,0.01500965420431609,0.0,,1.0,0.0,0.0
2470,0.014934979307777206,0.0,,1.0,0.0,0.0
2471,0.014860675928136525,0.0,,1.0,0.0,0.0
2472,0.01478674221705127,0.0,,1.0,0.0,0.0
2473,0.0147131763353744,0.0,,1.0,0.0,0.0
2474,0.014639976453108857,0.0,,1.0,0.0,0.0
